-- phpMyAdmin SQL Dump
-- version 5.0.4
-- https://www.phpmyadmin.net/
--
-- Host: 127.0.0.1
-- Generation Time: Dec 17, 2021 at 10:02 PM
-- Server version: 10.4.17-MariaDB
-- PHP Version: 8.0.2

SET SQL_MODE = "NO_AUTO_VALUE_ON_ZERO";
START TRANSACTION;
SET time_zone = "+00:00";


/*!40101 SET @OLD_CHARACTER_SET_CLIENT=@@CHARACTER_SET_CLIENT */;
/*!40101 SET @OLD_CHARACTER_SET_RESULTS=@@CHARACTER_SET_RESULTS */;
/*!40101 SET @OLD_COLLATION_CONNECTION=@@COLLATION_CONNECTION */;
/*!40101 SET NAMES utf8mb4 */;

--
-- Database: `charactergeneration`
--
CREATE DATABASE IF NOT EXISTS `charactergeneration` DEFAULT CHARACTER SET utf8mb4 COLLATE utf8mb4_general_ci;
USE `charactergeneration`;

-- --------------------------------------------------------

--
-- Table structure for table `characters`
--

DROP TABLE IF EXISTS `characters`;
CREATE TABLE `characters` (
  `characterID` int(11) NOT NULL,
  `clientID` int(11) NOT NULL,
  `characterJSON` longtext CHARACTER SET utf8mb4 COLLATE utf8mb4_bin NOT NULL
) ENGINE=InnoDB DEFAULT CHARSET=utf8mb4;

--
-- Dumping data for table `characters`
--

INSERT INTO `characters` (`characterID`, `clientID`, `characterJSON`) VALUES
(1, 1, '{\"fName\":\"Juicer\",\"lName\":\"WarLord\",\"species\":\"Human\",\"eyeColor\":\"Green\",\"height\":\"1.15\",\"age\":\"23\",\"dateOfBirth\":\"24-02-2002\"}');

-- --------------------------------------------------------

--
-- Table structure for table `client`
--

DROP TABLE IF EXISTS `client`;
CREATE TABLE `client` (
  `clientID` int(11) NOT NULL,
  `username` varchar(64) NOT NULL,
  `password` varchar(256) NOT NULL,
  `email` varchar(256) NOT NULL,
  `licenseKey` varchar(256) NOT NULL
) ENGINE=InnoDB DEFAULT CHARSET=utf8mb4;

--
-- Dumping data for table `client`
--

INSERT INTO `client` (`clientID`, `username`, `password`, `email`, `licenseKey`) VALUES
(1, 'Sniper_Pig', 'testtesttesttest', 'realfakeemail@gmail.com', '1234');

-- --------------------------------------------------------

--
-- Table structure for table `requests`
--

DROP TABLE IF EXISTS `requests`;
CREATE TABLE `requests` (
  `requestID` int(11) NOT NULL,
  `clientID` int(11) NOT NULL,
  `requestTime` timestamp NOT NULL DEFAULT current_timestamp() ON UPDATE current_timestamp(),
  `requestType` varchar(64) NOT NULL
) ENGINE=InnoDB DEFAULT CHARSET=utf8mb4;

--
-- Dumping data for table `requests`
--

INSERT INTO `requests` (`requestID`, `clientID`, `requestTime`, `requestType`) VALUES
(1, 1, '2021-12-12 21:16:03', 'Insert'),
(2, 1, '2021-12-13 01:04:11', 'Insert');

-- --------------------------------------------------------

--
-- Table structure for table `sentences`
--

DROP TABLE IF EXISTS `sentences`;
CREATE TABLE `sentences` (
  `sentenceID` int(11) NOT NULL,
  `sentence` text NOT NULL
) ENGINE=InnoDB DEFAULT CHARSET=utf8mb4;

-- --------------------------------------------------------

--
-- Table structure for table `type`
--

DROP TABLE IF EXISTS `type`;
CREATE TABLE `type` (
  `typeId` int(11) NOT NULL,
  `type` varchar(64) NOT NULL
) ENGINE=InnoDB DEFAULT CHARSET=utf8mb4;

--
-- Dumping data for table `type`
--

INSERT INTO `type` (`typeId`, `type`) VALUES
(1, 'Food'),
(2, 'Fun'),
(3, 'Furniture'),
(4, 'Drink'),
(5, 'Toy'),
(6, 'Animal'),
(7, 'Vehicle'),
(8, 'Weapon'),
(9, 'Tool');

-- --------------------------------------------------------

--
-- Table structure for table `wordlist`
--

DROP TABLE IF EXISTS `wordlist`;
CREATE TABLE `wordlist` (
  `word` varchar(64) NOT NULL,
  `gender` char(1) DEFAULT NULL,
  `form` char(1) NOT NULL,
  `type` int(11) NOT NULL
) ENGINE=InnoDB DEFAULT CHARSET=utf8mb4;

--
-- Dumping data for table `wordlist`
--

INSERT INTO `wordlist` (`word`, `gender`, `form`, `type`) VALUES
('Alfalfa Sprout', 'N', 'S', 1),
('Apple', 'N', 'S', 1),
('Apricot', 'N', 'S', 1),
('Artichoke', 'N', 'S', 1),
('Asian Pear', 'N', 'S', 1),
('Asparagus', 'N', 'S', 1),
('Atemoya', 'N', 'S', 1),
('Avocado', 'N', 'S', 1),
('Bamboo Shoot', 'N', 'S', 1),
('Banana', 'N', 'S', 1),
('Bean Sprout', 'N', 'S', 1),
('Bean', 'N', 'S', 1),
('Beet', 'N', 'S', 1),
('Belgian Endive', 'N', 'S', 1),
('Bell Pepper', 'N', 'S', 1),
('Bitter Melon', 'N', 'S', 1),
('Blackberry', 'N', 'S', 1),
('Blueberry', 'N', 'S', 1),
('Bok Choy', 'N', 'S', 1),
('Boniato', 'N', 'S', 1),
('Boysenberry', 'N', 'S', 1),
('Broccoflower', 'N', 'S', 1),
('Broccoli', 'N', 'S', 1),
('Brussels Sprout', 'N', 'S', 1),
('Cabbage', 'N', 'S', 1),
('Cactus Pear', 'N', 'S', 1),
('Cantaloupe', 'N', 'S', 1),
('Carambola', 'N', 'S', 1),
('Carrot', 'N', 'S', 1),
('Casaba Melon', 'N', 'S', 1),
('Cauliflower', 'N', 'S', 1),
('Celery', 'N', 'S', 1),
('Chayote', 'N', 'S', 1),
('Cherimoya', 'N', 'S', 1),
('Cherry', 'N', 'S', 1),
('Coconut', 'N', 'S', 1),
('Corn', 'N', 'S', 1),
('Cranberry', 'N', 'S', 1),
('Cucumber', 'N', 'S', 1),
('Date', 'N', 'S', 1),
('Dried Plum', 'N', 'S', 1),
('Eggplant', 'N', 'S', 1),
('Endive', 'N', 'S', 1),
('Escarole', 'N', 'S', 1),
('Feijoa', 'N', 'S', 1),
('Fennel', 'N', 'S', 1),
('Fig', 'N', 'S', 1),
('Garlic', 'N', 'S', 1),
('Gooseberry', 'N', 'S', 1),
('Grapefruit', 'N', 'S', 1),
('Grape', 'N', 'S', 1),
('Green Bean', 'N', 'S', 1),
('Green Onion', 'N', 'S', 1),
('Guava', 'N', 'S', 1),
('Hominy', 'N', 'S', 1),
('Honeydew Melon', 'N', 'S', 1),
('Horned Melon', 'N', 'S', 1),
('Iceberg Lettuce', 'N', 'S', 1),
('Jerusalem Artichoke', 'N', 'S', 1),
('Jicama', 'N', 'S', 1),
('Kale', 'N', 'S', 1),
('Kiwifruit', 'N', 'S', 1),
('Kohlrabi', 'N', 'S', 1),
('Kumquat', 'N', 'S', 1),
('Leek', 'N', 'S', 1),
('Lemon', 'N', 'S', 1),
('Lettuce', 'N', 'S', 1),
('Lima Bean', 'N', 'S', 1),
('Lime', 'N', 'S', 1),
('Longan', 'N', 'S', 1),
('Loquat', 'N', 'S', 1),
('Lychee', 'N', 'S', 1),
('Mandarin', 'N', 'S', 1),
('Malanga', 'N', 'S', 1),
('Mandarin Orange', 'N', 'S', 1),
('Mango', 'N', 'S', 1),
('Mulberry', 'N', 'S', 1),
('Mushroom', 'N', 'S', 1),
('Napa', 'N', 'S', 1),
('Nectarine', 'N', 'S', 1),
('Okra', 'N', 'S', 1),
('Onion', 'N', 'S', 1),
('Orange', 'N', 'S', 1),
('Papaya', 'N', 'S', 1),
('Parsnip', 'N', 'S', 1),
('Passion Fruit', 'N', 'S', 1),
('Peach', 'N', 'S', 1),
('Pear', 'N', 'S', 1),
('Pea', 'N', 'S', 1),
('Pepper', 'N', 'S', 1),
('Persimmon', 'N', 'S', 1),
('Pineapple', 'N', 'S', 1),
('Plantain', 'N', 'S', 1),
('Plum', 'N', 'S', 1),
('Pomegranate', 'N', 'S', 1),
('Potatoe', 'N', 'S', 1),
('Prickly Pear', 'N', 'S', 1),
('Prune', 'N', 'S', 1),
('Pummelo', 'N', 'S', 1),
('Pumpkin', 'N', 'S', 1),
('Quince', 'N', 'S', 1),
('Radicchio', 'N', 'S', 1),
('Radish', 'N', 'S', 1),
('Raisin', 'N', 'S', 1),
('Raspberry', 'N', 'S', 1),
('Red Cabbage', 'N', 'S', 1),
('Rhubarb', 'N', 'S', 1),
('Romaine Lettuce', 'N', 'S', 1),
('Rutabaga', 'N', 'S', 1),
('Shallot', 'N', 'S', 1),
('Snow Pea', 'N', 'S', 1),
('Spinach', 'N', 'S', 1),
('Sprouts', 'N', 'S', 1),
('Squash', 'N', 'S', 1),
('Strawberry', 'N', 'S', 1),
('String Bean', 'N', 'S', 1),
('Sweet Potato', 'N', 'S', 1),
('Tangelo', 'N', 'S', 1),
('Tangerine', 'N', 'S', 1),
('Tomatillo', 'N', 'S', 1),
('Tomato', 'N', 'S', 1),
('Turnip', 'N', 'S', 1),
('Ugli Fruit', 'N', 'S', 1),
('Water Chestnut', 'N', 'S', 1),
('Watercress', 'N', 'S', 1),
('Watermelon', 'N', 'S', 1),
('Waxed Bean', 'N', 'S', 1),
('Yam', 'N', 'S', 1),
('Yellow Squash', 'N', 'S', 1),
('Zucchini Squash', 'N', 'S', 1),
('Clown', 'N', 'S', 2),
('Magician', 'N', 'S', 2),
('Ball pit', 'N', 'S', 2),
('Jeeva', 'N', 'S', 2),
('Toy', 'N', 'S', 2),
('multicolor lamp', 'N', 'S', 2),
('Phone', 'N', 'S', 2),
('Slide', 'N', 'S', 2),
('Crayon', 'N', 'S', 2),
('Water Fountain', 'N', 'S', 2),
('armchair', 'N', 'S', 3),
('armoire', 'N', 'S', 3),
('bar stool', 'N', 'S', 3),
('bassinet', 'N', 'S', 3),
('beach chair', 'N', 'S', 3),
('bean bag chair', 'N', 'S', 3),
('bed', 'N', 'S', 3),
('bed table', 'N', 'S', 3),
('bench', 'N', 'S', 3),
('bentwood rocker', 'N', 'S', 3),
('bergere', 'N', 'S', 3),
('bookcase', 'N', 'S', 3),
('bookshelf', 'N', 'S', 3),
('breakfront', 'N', 'S', 3),
('buffet', 'N', 'S', 3),
('bunk bed', 'N', 'S', 3),
('bureau', 'N', 'S', 3),
('cabinet', 'N', 'S', 3),
('canopy bed', 'N', 'S', 3),
('captain\'s chair', 'N', 'S', 3),
('card table', 'N', 'S', 3),
('carpet', 'N', 'S', 3),
('cart', 'N', 'S', 3),
('chair', 'N', 'S', 3),
('chaise lounge', 'N', 'S', 3),
('chandelier', 'N', 'S', 3),
('chest', 'N', 'S', 3),
('chest of drawers', 'N', 'S', 3),
('china cabinet', 'N', 'S', 3),
('clothes valet', 'N', 'S', 3),
('club chair', 'N', 'S', 3),
('coffee table', 'N', 'S', 3),
('console', 'N', 'S', 3),
('cot', 'N', 'S', 3),
('couch', 'N', 'S', 3),
('cradle', 'N', 'S', 3),
('credenza', 'N', 'S', 3),
('crib', 'N', 'S', 3),
('cubbies', 'N', 'S', 3),
('cupboard', 'N', 'S', 3),
('curio', 'N', 'S', 3),
('curtains', 'N', 'S', 3),
('cushion', 'N', 'S', 3),
('deck chair', 'N', 'S', 3),
('desk', 'N', 'S', 3),
('desk chair', 'N', 'S', 3),
('dining room table', 'N', 'S', 3),
('director\'s chair', 'N', 'S', 3),
('display cabinet', 'N', 'S', 3),
('divan', 'N', 'S', 3),
('drapery', 'N', 'S', 3),
('drapes', 'N', 'S', 3),
('dresser', 'N', 'S', 3),
('easel', 'N', 'S', 3),
('easy chair', 'N', 'S', 3),
('end table', 'N', 'S', 3),
('fauteuil', 'N', 'S', 3),
('file cabinet', 'N', 'S', 3),
('folding chair', 'N', 'S', 3),
('folding screen', 'N', 'S', 3),
('footrest', 'N', 'S', 3),
('footstool', 'N', 'S', 3),
('four-poster bed', 'N', 'S', 3),
('furnishing', 'N', 'S', 3),
('furniture', 'N', 'S', 3),
('futon', 'N', 'S', 3),
('game table', 'N', 'S', 3),
('garden bench', 'N', 'S', 3),
('gateleg table', 'N', 'S', 3),
('glider rocker', 'N', 'S', 3),
('grandfather clock', 'N', 'S', 3),
('hall tree', 'N', 'S', 3),
('hammock', 'N', 'S', 3),
('hassock', 'N', 'S', 3),
('hat stand', 'N', 'S', 3),
('headboard', 'N', 'S', 3),
('highchair', 'N', 'S', 3),
('hope chest', 'N', 'S', 3),
('hutch', 'N', 'S', 3),
('island', 'N', 'S', 3),
('kitchen island', 'N', 'S', 3),
('ladderback chair', 'N', 'S', 3),
('lamp', 'N', 'S', 3),
('lawn chair', 'N', 'S', 3),
('lift chair', 'N', 'S', 3),
('light', 'N', 'S', 3),
('lintel', 'N', 'S', 3),
('lounge chair', 'N', 'S', 3),
('lounger', 'N', 'S', 3),
('love seat', 'N', 'S', 3),
('mantle', 'N', 'S', 3),
('mattress', 'N', 'S', 3),
('mirror', 'N', 'S', 3),
('Murphy bed', 'N', 'S', 3),
('nightstand', 'N', 'S', 3),
('office chair', 'N', 'S', 3),
('ottoman', 'N', 'S', 3),
('pantry', 'N', 'S', 3),
('park bench', 'N', 'S', 3),
('patio chair', 'N', 'S', 3),
('patio table', 'N', 'S', 3),
('pew', 'N', 'S', 3),
('piano bench', 'N', 'S', 3),
('picnic table', 'N', 'S', 3),
('pillow', 'N', 'S', 3),
('porch swing', 'N', 'S', 3),
('rack', 'N', 'S', 3),
('recliner', 'N', 'S', 3),
('rocking chair', 'N', 'S', 3),
('room divider', 'N', 'S', 3),
('rug', 'N', 'S', 3),
('sconce', 'N', 'S', 3),
('screen', 'N', 'S', 3),
('seat', 'N', 'S', 3),
('secretary', 'N', 'S', 3),
('sectional sofa', 'N', 'S', 3),
('settee', 'N', 'S', 3),
('shelf', 'N', 'S', 3),
('shoji screen', 'N', 'S', 3),
('sideboard', 'N', 'S', 3),
('sleeper sofa', 'N', 'S', 3),
('sofa', 'N', 'S', 3),
('sofabed', 'N', 'S', 3),
('stool', 'N', 'S', 3),
('table', 'N', 'S', 3),
('tansu', 'N', 'S', 3),
('tea cart', 'N', 'S', 3),
('throne', 'N', 'S', 3),
('throw rug', 'N', 'S', 3),
('trundle bed', 'N', 'S', 3),
('tuffet', 'N', 'S', 3),
('alet', 'N', 'S', 3),
('vanity', 'N', 'S', 3),
('Venetian blinds', 'N', 'S', 3),
('vitrine', 'N', 'S', 3),
('wardrobe', 'N', 'S', 3),
('waste basket', 'N', 'S', 3),
('waterbed', 'N', 'S', 3),
('window shade', 'N', 'S', 3),
('Windsor chair', 'N', 'S', 3),
('wing chair', 'N', 'S', 3),
('work table', 'N', 'S', 3),
('writing desk', 'N', 'S', 3),
('Coffee', 'N', 'S', 4),
('Tea bag', 'N', 'S', 4),
('Tea', 'N', 'S', 4),
('Green tea', 'N', 'S', 4),
('Chocolate milk', 'N', 'S', 4),
('Hot chocolate', 'N', 'S', 4),
('Tomato juice', 'N', 'S', 4),
('Smoothie', 'N', 'S', 4),
('Milkshake', 'N', 'S', 4),
('Coconut milk', 'N', 'S', 4),
('Orange juice', 'N', 'S', 4),
('Lemonade', 'N', 'S', 4),
('Fruit juice', 'N', 'S', 4),
('Cocoa', 'N', 'S', 4),
('Water', 'N', 'S', 4),
('Soda', 'N', 'S', 4),
('Sparkly Water', 'N', 'S', 4),
('Vegetable Juice', 'N', 'S', 4),
('Chocolate milk', 'N', 'S', 4),
('Smoothie', 'N', 'S', 4),
('Cappuccino', 'N', 'S', 4),
('Coke', 'N', 'S', 4),
('Fanta', 'N', 'S', 4),
('Pepsi', 'N', 'S', 4),
('Sprite', 'N', 'S', 4),
('Dr. Pepper', 'N', 'S', 4),
('Earl Grey', 'N', 'S', 4),
('Green Tea', 'N', 'S', 4),
('Black Coffee', 'N', 'S', 4),
('action figure', 'N', 'S', 5),
('ant farm', 'N', 'S', 5),
('ball', 'N', 'S', 5),
('baseball', 'N', 'S', 5),
('bat', 'N', 'S', 5),
('bear', 'N', 'S', 5),
('bicycle', 'N', 'S', 5),
('bike', 'N', 'S', 5),
('block', 'N', 'S', 5),
('cap gun', 'N', 'S', 5),
('car', 'N', 'S', 5),
('card', 'N', 'S', 5),
('chalk board', 'N', 'S', 5),
('checkers', 'N', 'S', 5),
('chemistry set', 'N', 'S', 5),
('chess', 'N', 'S', 5),
('clay', 'N', 'S', 5),
('construction set', 'N', 'S', 5),
('cymbal', 'N', 'S', 5),
('dice', 'N', 'S', 5),
('dinosaur', 'N', 'S', 5),
('doll', 'N', 'S', 5),
('dollhouse', 'N', 'S', 5),
('domino', 'N', 'S', 5),
('dump truck', 'N', 'S', 5),
('easel', 'N', 'S', 5),
('firetruck', 'N', 'S', 5),
('football', 'N', 'S', 5),
('globe', 'N', 'S', 5),
('go', 'N', 'S', 5),
('go fish', 'N', 'S', 5),
('hopscotch', 'N', 'S', 5),
('hula hoop', 'N', 'S', 5),
('ice skate', 'N', 'S', 5),
('jack-in-the-box', 'N', 'S', 5),
('jacks', 'N', 'S', 5),
('jigsaw puzzle', 'N', 'S', 5),
('jump rope', 'N', 'S', 5),
('kaleidoscope', 'N', 'S', 5),
('lincoln Log', 'N', 'S', 5),
('marble', 'N', 'S', 5),
('marionette', 'N', 'S', 5),
('maze', 'N', 'S', 5),
('mobile', 'N', 'S', 5),
('model car', 'N', 'S', 5),
('model train', 'N', 'S', 5),
('modeling clay', 'N', 'S', 5),
('music box', 'N', 'S', 5),
('nim', 'N', 'S', 5),
('ping pong ball', 'N', 'S', 5),
('playhouse', 'N', 'S', 5),
('pogo stick', 'N', 'S', 5),
('puppet', 'N', 'S', 5),
('puzzle', 'N', 'S', 5),
('rag doll', 'N', 'S', 5),
('rattle', 'N', 'S', 5),
('remote-control car', 'N', 'S', 5),
('reversi', 'N', 'S', 5),
('robot', 'N', 'S', 5),
('rocking horse', 'N', 'S', 5),
('soller Skate', 'N', 'S', 5),
('rubber duck', 'N', 'S', 5),
('scooter', 'N', 'S', 5),
('skateboard', 'N', 'S', 5),
('skate', 'N', 'S', 5),
('slide', 'N', 'S', 5),
('slingshot', 'N', 'S', 5),
('soccer ball', 'N', 'S', 5),
('sock monkey', 'N', 'S', 5),
('squirt gun', 'N', 'S', 5),
('stuffed animal', 'N', 'S', 5),
('swing', 'N', 'S', 5),
('tea set', 'N', 'S', 5),
('teddy bear', 'N', 'S', 5),
('tic-tac-toe', 'N', 'S', 5),
('tin drum', 'N', 'S', 5),
('top', 'N', 'S', 5),
('toy boat', 'N', 'S', 5),
('toy soldier', 'N', 'S', 5),
('trampoline', 'N', 'S', 5),
('tricycle', 'N', 'S', 5),
('unicycle', 'N', 'S', 5),
('video game', 'N', 'S', 5),
('wagon', 'N', 'S', 5),
('whistle', 'N', 'S', 5),
('wind-up car', 'N', 'S', 5),
('xylophone', 'N', 'S', 5),
('yo-yo', 'N', 'S', 5),
('Aardvark', 'N', 'S', 0),
('Aardwolf', 'N', 'S', 6),
('African Elephant', 'N', 'S', 6),
('African Tree Pangolin', 'N', 'S', 6),
('Alligator', 'N', 'S', 6),
('Alpaca', 'N', 'S', 6),
('Anteater', 'N', 'S', 6),
('Antelope', 'N', 'S', 6),
('Ape', 'N', 'S', 6),
('Arabian Horse', 'N', 'S', 6),
('Armadillo', 'N', 'S', 6),
('Arthropod', 'N', 'S', 6),
('Asian Elephant', 'N', 'S', 6),
('Aye-Aye', 'N', 'S', 6),
('Baboon', 'N', 'S', 6),
('Badger', 'N', 'S', 6),
('Bandicoot', 'N', 'S', 6),
('Bat', 'N', 'S', 6),
('Bearded Dragon', 'N', 'S', 6),
('Beaver', 'N', 'S', 6),
('Beluga Whale', 'N', 'S', 6),
('Bengal Tiger', 'N', 'S', 6),
('Big-Horned Sheep', 'N', 'S', 6),
('Billy Goat', 'N', 'S', 6),
('Bird', 'N', 'S', 6),
('Bison', 'N', 'S', 6),
('Black Bear', 'N', 'S', 6),
('Black Footed Rhino', 'N', 'S', 6),
('Black Howler Monkey', 'N', 'S', 6),
('Black Rhino', 'N', 'S', 6),
('Blacktip Reef Shark', 'N', 'S', 6),
('Blue Shark', 'N', 'S', 6),
('Blue Whale', 'N', 'S', 6),
('Boar', 'N', 'S', 6),
('Bob-Cat', 'N', 'S', 6),
('Bonobo', 'N', 'S', 6),
('Bottlenose Dolphin', 'N', 'S', 6),
('Bottlenose Whale', 'N', 'S', 6),
('Brown Bear', 'N', 'S', 6),
('Buffalo', 'N', 'S', 6),
('Bull', 'N', 'S', 6),
('Bull frog', 'N', 'S', 6),
('Caiman Lizard', 'N', 'S', 6),
('Camel', 'N', 'S', 6),
('Capuchin Monkey', 'N', 'S', 6),
('Capybara', 'N', 'S', 6),
('Caribou', 'N', 'S', 6),
('Cat', 'N', 'S', 6),
('Cattle', 'N', 'S', 6),
('Cheetah', 'N', 'S', 6),
('Chimpanzee', 'N', 'S', 6),
('Chinchilla', 'N', 'S', 6),
('Chipmunk', 'N', 'S', 6),
('Common Dolphin', 'N', 'S', 6),
('Common Seal', 'N', 'S', 6),
('Coral and Anemone', 'N', 'S', 6),
('Cougar', 'N', 'S', 6),
('Cow', 'N', 'S', 6),
('Coyote', 'N', 'S', 6),
('Crocodile', 'N', 'S', 6),
('Crustacean', 'N', 'S', 6),
('Dart Frog', 'N', 'S', 6),
('Deer', 'N', 'S', 6),
('Degus', 'N', 'S', 6),
('Dik-Dik', 'N', 'S', 6),
('Dingo', 'N', 'S', 6),
('Dog', 'N', 'S', 6),
('Dogfish Shark', 'N', 'S', 6),
('Dolphin', 'N', 'S', 6),
('Donkey', 'N', 'S', 6),
('Door Mouse', 'N', 'S', 6),
('Dormouse', 'N', 'S', 6),
('Draft Horse', 'N', 'S', 6),
('Duckbill Platypus', 'N', 'S', 6),
('Dugong', 'N', 'S', 6),
('Dusky Shark', 'N', 'S', 6),
('Elephant', 'N', 'S', 6),
('Elephant Seal', 'N', 'S', 6),
('Elk', 'N', 'S', 6),
('Ermine', 'N', 'S', 6),
('Eurasian Lynx', 'N', 'S', 6),
('Ferret', 'N', 'S', 6),
('Fish(es)', 'N', 'S', 6),
('Florida Panther', 'N', 'S', 6),
('Flying Fox', 'N', 'S', 6),
('Fox', 'N', 'S', 6),
('Fresh Water Crocodile', 'N', 'S', 6),
('Frog', 'N', 'S', 6),
('Fur Seal', 'N', 'S', 6),
('Galapagos Land Iguana', 'N', 'S', 6),
('Galapagos Shark', 'N', 'S', 6),
('Galapagos Tortoise', 'N', 'S', 6),
('Gazelle', 'N', 'S', 6),
('Gecko', 'N', 'S', 6),
('Giant Anteater', 'N', 'S', 6),
('Giant Panda', 'N', 'S', 6),
('Gibbon', 'N', 'S', 6),
('Giraffe', 'N', 'S', 6),
('Goat', 'N', 'S', 6),
('Gopher', 'N', 'S', 6),
('Gorilla', 'N', 'S', 6),
('Gray Fox', 'N', 'S', 6),
('Gray Nurse Shark', 'N', 'S', 6),
('Gray Reef Shark', 'N', 'S', 6),
('Gray Whale', 'N', 'S', 6),
('Great White Shark', 'N', 'S', 6),
('Green Poison Dart Frog', 'N', 'S', 6),
('Green Sea Turtle', 'N', 'S', 6),
('Grizzly Bear', 'N', 'S', 6),
('Groundhog', 'N', 'S', 6),
('Guinea Pig', 'N', 'S', 6),
('Hairy-Nosed Wombat', 'N', 'S', 6),
('Hammerhead Shark', 'N', 'S', 6),
('Harbor Porpoise', 'N', 'S', 6),
('Harbor Seal', 'N', 'S', 6),
('Hare', 'N', 'S', 6),
('Harp Seal', 'N', 'S', 6),
('Hawaiian Monk Seal', 'N', 'S', 6),
('Hedgehog', 'N', 'S', 6),
('Hippopotamus', 'N', 'S', 6),
('Horn Shark', 'N', 'S', 6),
('Horse', 'N', 'S', 6),
('Howler Monkey', 'N', 'S', 6),
('Humpback Whale', 'N', 'S', 6),
('Hyena', 'N', 'S', 6),
('Hyrax', 'N', 'S', 6),
('Iguana', 'N', 'S', 6),
('Iguanodon', 'N', 'S', 6),
('Impala', 'N', 'S', 6),
('Insect', 'N', 'S', 6),
('Irrawaddy Dolphin', 'N', 'S', 6),
('Jackal', 'N', 'S', 6),
('Jackrabbit', 'N', 'S', 6),
('Jaguar', 'N', 'S', 6),
('Jellyfish', 'N', 'S', 6),
('Kangaroo', 'N', 'S', 6),
('Kermode Bear', 'N', 'S', 6),
('Killer Whale', 'N', 'S', 6),
('Koala', 'N', 'S', 6),
('Komodo Dragon', 'N', 'S', 6),
('Kookaburra', 'N', 'S', 6),
('Lama', 'N', 'S', 6),
('Lamb', 'N', 'S', 6),
('Lancelet', 'N', 'S', 6),
('Least Weasel', 'N', 'S', 6),
('Leatherback Sea Turtle', 'N', 'S', 6),
('Lemming', 'N', 'S', 6),
('Lemon Shark', 'N', 'S', 6),
('Lemur', 'N', 'S', 6),
('Leopard', 'N', 'S', 6),
('Leopard Gecko', 'N', 'S', 6),
('Leopard Seal', 'N', 'S', 6),
('Leopard Shark', 'N', 'S', 6),
('Lion', 'N', 'S', 6),
('Llama', 'N', 'S', 6),
('Loggerhead Turtles', 'N', 'S', 6),
('Lynx', 'N', 'S', 6),
('Mako Shark', 'N', 'S', 6),
('Manatee', 'N', 'S', 6),
('Manta Ray', 'N', 'S', 6),
('Mantis', 'N', 'S', 6),
('Marbled Salamander', 'N', 'S', 6),
('Marmot', 'N', 'S', 6),
('Marsupial', 'N', 'S', 6),
('Meerkat', 'N', 'S', 6),
('Megamouth Shark', 'N', 'S', 6),
('Melon-Headed Whale', 'N', 'S', 6),
('Miniature Donkey', 'N', 'S', 6),
('Mink', 'N', 'S', 6),
('Minke Whale', 'N', 'S', 6),
('Mole', 'N', 'S', 6),
('Mole Salamander', 'N', 'S', 6),
('Mollusk', 'N', 'S', 6),
('Mongoose', 'N', 'S', 6),
('Monitor Lizard', 'N', 'S', 6),
('Monk Seal', 'N', 'S', 6),
('Monkey', 'N', 'S', 6),
('Moose', 'N', 'S', 6),
('Mountain Lion', 'N', 'S', 6),
('Mouse', 'N', 'S', 6),
('Mule', 'N', 'S', 6),
('Muskox', 'N', 'S', 6),
('Muskrat', 'N', 'S', 6),
('Naked Mole Rat', 'N', 'S', 6),
('Narwhal', 'N', 'S', 6),
('Nautilus', 'N', 'S', 6),
('Newt', 'N', 'S', 6),
('Northern Right Whale', 'N', 'S', 6),
('Nurse Shark', 'N', 'S', 6),
('Nutria', 'N', 'S', 6),
('Nyala', 'N', 'S', 6),
('Ocelot', 'N', 'S', 6),
('Octopus', 'N', 'S', 6),
('Okapi', 'N', 'S', 6),
('Opossum', 'N', 'S', 6),
('Orangutan', 'N', 'S', 6),
('Orca', 'N', 'S', 6),
('Otter', 'N', 'S', 6),
('Ox', 'N', 'S', 6),
('Panda', 'N', 'S', 6),
('Panther', 'N', 'S', 6),
('Pig', 'N', 'S', 6),
('Pilot Whale', 'N', 'S', 6),
('Pine Marten', 'N', 'S', 6),
('Platypus', 'N', 'S', 6),
('Polar Bear', 'N', 'S', 6),
('Porcupine', 'N', 'S', 6),
('Porpoise', 'N', 'S', 6),
('Possum', 'N', 'S', 6),
('Potbellied Pig', 'N', 'S', 6),
('Potto', 'N', 'S', 6),
('Prairie Dog', 'N', 'S', 6),
('Proboscis Monkey', 'N', 'S', 6),
('Przewalski\'s Wild horse', 'N', 'S', 6),
('Puma', 'N', 'S', 6),
('Pygmy Hippopotamus', 'N', 'S', 6),
('Pygmy Right Whale', 'N', 'S', 6),
('Pygmy Sperm Whale', 'N', 'S', 6),
('Quokkas', 'N', 'S', 6),
('Quolls', 'N', 'S', 6),
('Rabbit', 'N', 'S', 6),
('Raccoon', 'N', 'S', 6),
('Rat', 'N', 'S', 6),
('Ray', 'N', 'S', 6),
('Red Fox', 'N', 'S', 6),
('Red Kangaroo', 'N', 'S', 6),
('Red Panda', 'N', 'S', 6),
('Red-Eyed Tree Frog', 'N', 'S', 6),
('Reef Shark', 'N', 'S', 6),
('Reindeer', 'N', 'S', 6),
('Rhino', 'N', 'S', 6),
('Rhinoceros', 'N', 'S', 6),
('Right Whale', 'N', 'S', 6),
('Ringed Seal', 'N', 'S', 6),
('Risso\'s Dolphin', 'N', 'S', 6),
('River Dolphin', 'N', 'S', 6),
('Salamander', 'N', 'S', 6),
('Sandbar Shark', 'N', 'S', 6),
('Scalloped Hammerhead Shark', 'N', 'S', 6),
('Sea Lion', 'N', 'S', 6),
('Sea Turtle', 'N', 'S', 6),
('Seal', 'N', 'S', 6),
('Sei Whale', 'N', 'S', 6),
('Shark', 'N', 'S', 6),
('Sheep', 'N', 'S', 6),
('Shortfin Mako Shark', 'N', 'S', 6),
('Siberian Tiger', 'N', 'S', 6),
('Silky Shark', 'N', 'S', 6),
('Skink', 'N', 'S', 6),
('Skunk', 'N', 'S', 6),
('Slender Loris', 'N', 'S', 6),
('Sloth', 'N', 'S', 6),
('Sloth Bear', 'N', 'S', 6),
('Snake', 'N', 'S', 6),
('Snow Fox', 'N', 'S', 6),
('Snow Hare', 'N', 'S', 6),
('Snow Leopard', 'N', 'S', 6),
('Snow Monkey', 'N', 'S', 6),
('Somali Wild Ass', 'N', 'S', 6),
('Spectacled Bear', 'N', 'S', 6),
('Sperm Whale', 'N', 'S', 6),
('Spider Monkey', 'N', 'S', 6),
('Spiny Dogfish Shark', 'N', 'S', 6),
('Spotted Dolphin', 'N', 'S', 6),
('Squirrel', 'N', 'S', 6),
('Star-Nosed Mole', 'N', 'S', 6),
('Stellar Sea Lion', 'N', 'S', 6),
('Striped Dolphin', 'N', 'S', 6),
('Sun Bear', 'N', 'S', 6),
('Takin', 'N', 'S', 6),
('Tamarin', 'N', 'S', 6),
('Tapir', 'N', 'S', 6),
('Tasmanian Devil', 'N', 'S', 6),
('Tasmanian Tiger', 'N', 'S', 6),
('Terrapin', 'N', 'S', 6),
('Thresher Shark', 'N', 'S', 6),
('Tiger', 'N', 'S', 6),
('Tiger Salamander', 'N', 'S', 6),
('Tiger Shark', 'N', 'S', 6),
('Topi', 'N', 'S', 6),
('Tortoise', 'N', 'S', 6),
('Tree Frog', 'N', 'S', 6),
('Turtle', 'N', 'S', 6),
('Uakari', 'N', 'S', 6),
('Vampire Bat', 'N', 'S', 6),
('Vancouver Island Marmot', 'N', 'S', 6),
('Vervet Monkey', 'N', 'S', 6),
('Vicuna', 'N', 'S', 6),
('Vole', 'N', 'S', 6),
('Wallaby', 'N', 'S', 6),
('Walrus', 'N', 'S', 6),
('Warthog', 'N', 'S', 6),
('Water Buffalo', 'N', 'S', 6),
('Weasel', 'N', 'S', 6),
('Whale Shark', 'N', 'S', 6),
('Whale', 'N', 'S', 6),
('White Rhino', 'N', 'S', 6),
('White Tailed Deer', 'N', 'S', 6),
('White-Beaked Dolphin', 'N', 'S', 6),
('Whitetip Reef Shark', 'N', 'S', 6),
('Wildcat', 'N', 'S', 6),
('Wildebeest', 'N', 'S', 6),
('Wobbegong Shark', 'N', 'S', 6),
('Wolf', 'N', 'S', 6),
('Wolverine', 'N', 'S', 6),
('Wombat', 'N', 'S', 6),
('Woodchuck', 'N', 'S', 6),
('Yak', 'N', 'S', 6),
('Yellow-Bellied Marmot', 'N', 'S', 6),
('Zebra', 'N', 'S', 6),
('Zebu', 'N', 'S', 6),
('Zorilla', 'N', 'S', 6),
('aerial tramway', 'N', 'S', 0),
('aircraft', 'N', 'S', 0),
('aircraft carrier', 'N', 'S', 0),
('airplane', 'N', 'S', 0),
('ambulance', 'N', 'S', 0),
('amphibious vehicle', 'N', 'S', 0),
('armored car', 'N', 'S', 0),
('auto', 'N', 'S', 0),
('automobile', 'N', 'S', 0),
('baby carriage', 'N', 'S', 0),
('balloon', 'N', 'S', 0),
('barge', 'N', 'S', 0),
('barrow', 'N', 'S', 0),
('bathyscaphe', 'N', 'S', 0),
('battleship', 'N', 'S', 0),
('bicycle', 'N', 'S', 0),
('bike', 'N', 'S', 0),
('biplane', 'N', 'S', 0),
('blimp', 'N', 'S', 0),
('boat', 'N', 'S', 0),
('bobsled', 'N', 'S', 0),
('bomber', 'N', 'S', 0),
('boxcar', 'N', 'S', 0),
('broomstick', 'N', 'S', 0),
('buggy', 'N', 'S', 0),
('bulldozer', 'N', 'S', 0),
('bullet train', 'N', 'S', 0),
('bus', 'N', 'S', 0),
('cab', 'N', 'S', 0),
('cabin cruiser', 'N', 'S', 0),
('cable car', 'N', 'S', 0),
('caboose', 'N', 'S', 0),
('camper', 'N', 'S', 0),
('canoe', 'N', 'S', 0),
('car', 'N', 'S', 0),
('caravan', 'N', 'S', 0),
('caravel', 'N', 'S', 0),
('cargo ship', 'N', 'S', 0),
('carriage', 'N', 'S', 0),
('carrier', 'N', 'S', 0),
('cart', 'N', 'S', 0),
('catamaran', 'N', 'S', 0),
('chairlift', 'N', 'S', 0),
('chariot', 'N', 'S', 0),
('chopper', 'N', 'S', 0),
('clipper ship', 'N', 'S', 0),
('clunker', 'N', 'S', 0),
('coach', 'N', 'S', 0),
('combine', 'N', 'S', 0),
('compact car', 'N', 'S', 0),
('conestoga wagon', 'N', 'S', 0),
('container ship', 'N', 'S', 0),
('convertible', 'N', 'S', 0),
('conveyance', 'N', 'S', 0),
('conveyor belt', 'N', 'S', 0),
('convoy', 'N', 'S', 0),
('coupe', 'N', 'S', 0),
('covered wagon', 'N', 'S', 0),
('crane', 'N', 'S', 0),
('crop duster', 'N', 'S', 0),
('cruise ship', 'N', 'S', 0),
('cruiser', 'N', 'S', 0),
('cutter', 'N', 'S', 0),
('cycle', 'N', 'S', 0),
('delivery truck', 'N', 'S', 0),
('delivery van', 'N', 'S', 0),
('destroyer', 'N', 'S', 0),
('diesel truck', 'N', 'S', 0),
('dinghy', 'N', 'S', 0),
('dirigible', 'N', 'S', 0),
('dirt bike', 'N', 'S', 0),
('diving bell', 'N', 'S', 0),
('dog cart', 'N', 'S', 0),
('dogsled', 'N', 'S', 0),
('donkey cart', 'N', 'S', 0),
('dray', 'N', 'S', 0),
('driver', 'N', 'S', 0),
('dugout canoe', 'N', 'S', 0),
('dump truck', 'N', 'S', 0),
('earth mover', 'N', 'S', 0),
('eighteen-wheeler', 'N', 'S', 0),
('electric car', 'N', 'S', 0),
('elevated railroad', 'N', 'S', 0),
('elevator', 'N', 'S', 0),
('engine', 'N', 'S', 0),
('escalator', 'N', 'S', 0),
('express train', 'N', 'S', 0),
('ferry', 'N', 'S', 0),
('fire engine', 'N', 'S', 0),
('fireboat', 'N', 'S', 0),
('fishing boat', 'N', 'S', 0),
('flatbed truck', 'N', 'S', 0),
('forklift', 'N', 'S', 0),
('four-by-four', 'N', 'S', 0),
('four-door', 'N', 'S', 0),
('four-wheel drive', 'N', 'S', 0),
('freight train', 'N', 'S', 0),
('freighter', 'N', 'S', 0),
('frigate', 'N', 'S', 0),
('funicular railway', 'N', 'S', 0),
('galleon', 'N', 'S', 0),
('garbage truck', 'N', 'S', 0),
('glider', 'N', 'S', 0),
('go-cart', 'N', 'S', 0),
('golf cart', 'N', 'S', 0),
('gondola', 'N', 'S', 0),
('gondola lift', 'N', 'S', 0),
('gridlock', 'N', 'S', 0),
('handcar', 'N', 'S', 0),
('hang glider', 'N', 'S', 0),
('hansom cab', 'N', 'S', 0),
('hardtop', 'N', 'S', 0),
('harvester', 'N', 'S', 0),
('hatchback', 'N', 'S', 0),
('haul', 'N', 'S', 0),
('hay wagon', 'N', 'S', 0),
('hearse', 'N', 'S', 0),
('helicopter', 'N', 'S', 0),
('hook and ladder truck', 'N', 'S', 0),
('hot rod', 'N', 'S', 0),
('hot-air balloon', 'N', 'S', 0),
('houseboat', 'N', 'S', 0),
('hovercraft', 'N', 'S', 0),
('hull', 'N', 'S', 0),
('Humvee', 'N', 'S', 0),
('hybrid', 'N', 'S', 0),
('hydrofoil', 'N', 'S', 0),
('hydroplane', 'N', 'S', 0),
('ice boat', 'N', 'S', 0),
('ice breaker', 'N', 'S', 0),
('jalopy', 'N', 'S', 0),
('jeep', 'N', 'S', 0),
('jet', 'N', 'S', 0),
('jet boat', 'N', 'S', 0),
('jet pack', 'N', 'S', 0),
('jet ski', 'N', 'S', 0),
('jetliner', 'N', 'S', 0),
('journey', 'N', 'S', 0),
('jumbo jet', 'N', 'S', 0),
('junk', 'N', 'S', 0),
('kayak', 'N', 'S', 0),
('ketch', 'N', 'S', 0),
('landing craft', 'N', 'S', 0),
('life raft', 'N', 'S', 0),
('lifeboat', 'N', 'S', 0),
('light rail', 'N', 'S', 0),
('limo', 'N', 'S', 0),
('limousine', 'N', 'S', 0),
('litter', 'N', 'S', 0),
('locomotive', 'N', 'S', 0),
('lorry', 'N', 'S', 0),
('low-rider', 'N', 'S', 0),
('magic carpet', 'N', 'S', 0),
('maglev', 'N', 'S', 0),
('mast', 'N', 'S', 0),
('minesweeper', 'N', 'S', 0),
('minibus', 'N', 'S', 0),
('minivan', 'N', 'S', 0),
('model T', 'N', 'S', 0),
('monorail', 'N', 'S', 0),
('moped', 'N', 'S', 0),
('motor', 'N', 'S', 0),
('motor home', 'N', 'S', 0),
('motorboat', 'N', 'S', 0),
('motorcar', 'N', 'S', 0),
('motorcycle', 'N', 'S', 0),
('mountain bike', 'N', 'S', 0),
('narrowboat', 'N', 'S', 0),
('oar', 'N', 'S', 0),
('ocean liner', 'N', 'S', 0),
('off-road vehicle', 'N', 'S', 0),
('oil tanker', 'N', 'S', 0),
('outboard motor', 'N', 'S', 0),
('outrigger canoe', 'N', 'S', 0),
('oxcart', 'N', 'S', 0),
('paddle', 'N', 'S', 0),
('paddlewheeler', 'N', 'S', 0),
('parachute', 'N', 'S', 0),
('passenger', 'N', 'S', 0),
('patrol car', 'N', 'S', 0),
('pedal boat', 'N', 'S', 0),
('pickup truck', 'N', 'S', 0),
('pilot', 'N', 'S', 0),
('plane', 'N', 'S', 0),
('police car', 'N', 'S', 0),
('power boat', 'N', 'S', 0),
('prairie schooner', 'N', 'S', 0),
('propeller', 'N', 'S', 0),
('PT boat', 'N', 'S', 0),
('pumper truck', 'N', 'S', 0),
('punt', 'N', 'S', 0),
('push cart', 'N', 'S', 0),
('racecar', 'N', 'S', 0),
('racing car', 'N', 'S', 0),
('raft', 'N', 'S', 0),
('ragtop', 'N', 'S', 0),
('railroad', 'N', 'S', 0),
('railway', 'N', 'S', 0),
('rapid transit', 'N', 'S', 0),
('recreational vehicle', 'N', 'S', 0),
('rickshaw', 'N', 'S', 0),
('ride', 'N', 'S', 0),
('riverboat', 'N', 'S', 0),
('roadster', 'N', 'S', 0),
('rocket', 'N', 'S', 0),
('rover', 'N', 'S', 0),
('rowboat', 'N', 'S', 0),
('rudder', 'N', 'S', 0),
('runabout', 'N', 'S', 0),
('RV', 'N', 'S', 0),
('sail', 'N', 'S', 0),
('sailboat', 'N', 'S', 0),
('satellite', 'N', 'S', 0),
('school bus', 'N', 'S', 0),
('schooner', 'N', 'S', 0),
('scooter', 'N', 'S', 0),
('scull', 'N', 'S', 0),
('seaplane', 'N', 'S', 0),
('sedan', 'N', 'S', 0),
('sedan chair', 'N', 'S', 0),
('segway', 'N', 'S', 0),
('semi', 'N', 'S', 0),
('ship', 'N', 'S', 0),
('shuttle', 'N', 'S', 0),
('side wheeler', 'N', 'S', 0),
('ski lift', 'N', 'S', 0),
('ski tow', 'N', 'S', 0),
('skiff', 'N', 'S', 0),
('sled', 'N', 'S', 0),
('sledge', 'N', 'S', 0),
('sleigh', 'N', 'S', 0),
('snow cat', 'N', 'S', 0),
('snowmobile', 'N', 'S', 0),
('snowplow', 'N', 'S', 0),
('space shuttle', 'N', 'S', 0),
('spaceship', 'N', 'S', 0),
('speedboat', 'N', 'S', 0),
('sport-utility vehicle/SUV', 'N', 'S', 0),
('sports car', 'N', 'S', 0),
('squad car', 'N', 'S', 0),
('SST', 'N', 'S', 0),
('stagecoach', 'N', 'S', 0),
('station wagon', 'N', 'S', 0),
('steamboat', 'N', 'S', 0),
('steamship', 'N', 'S', 0),
('stock car', 'N', 'S', 0),
('stretch limo', 'N', 'S', 0),
('stroller', 'N', 'S', 0),
('subcompact', 'N', 'S', 0),
('submarine', 'N', 'S', 0),
('submersible', 'N', 'S', 0),
('subway', 'N', 'S', 0),
('surrey', 'N', 'S', 0),
('SUV', 'N', 'S', 0),
('T-bar lift', 'N', 'S', 0),
('tank', 'N', 'S', 0),
('tanker', 'N', 'S', 0),
('taxi', 'N', 'S', 0),
('taxicab', 'N', 'S', 0),
('thresher', 'N', 'S', 0),
('tire', 'N', 'S', 0),
('toboggan', 'N', 'S', 0),
('tow truck', 'N', 'S', 0),
('town car', 'N', 'S', 0),
('tracks', 'N', 'S', 0),
('tractor', 'N', 'S', 0),
('tractor-trailer', 'N', 'S', 0),
('trail bike', 'N', 'S', 0),
('trailer', 'N', 'S', 0),
('train', 'N', 'S', 0),
('tram', 'N', 'S', 0),
('tramway', 'N', 'S', 0),
('transit', 'N', 'S', 0),
('trawler', 'N', 'S', 0),
('tricycle', 'N', 'S', 0),
('trolley', 'N', 'S', 0),
('truck', 'N', 'S', 0),
('tugboat', 'N', 'S', 0),
('two-door', 'N', 'S', 0),
('U-boat', 'N', 'S', 0),
('ultralight craft', 'N', 'S', 0),
('umiak', 'N', 'S', 0),
('unicycle', 'N', 'S', 0),
('van', 'N', 'S', 0),
('vehicle', 'N', 'S', 0),
('vespa', 'N', 'S', 0),
('vessel', 'N', 'S', 0),
('wagon', 'N', 'S', 0),
('warship', 'N', 'S', 0),
('wheel', 'N', 'S', 0),
('wheelbarrow', 'N', 'S', 0),
('wheelchair', 'N', 'S', 0),
('windjammer', 'N', 'S', 0),
('windshield', 'N', 'S', 0),
('wreck', 'N', 'S', 0),
('yacht', 'N', 'S', 0),
('yawl', 'N', 'S', 0),
('zamboni', 'N', 'S', 0),
('zeppelin', 'N', 'S', 0),
('A-bomb', 'N', 'S', 8),
('ammo', 'N', 'S', 8),
('ammunition', 'N', 'S', 8),
('armaments', 'N', 'S', 8),
('arms', 'N', 'S', 8),
('arrow', 'N', 'S', 8),
('assault rifle', 'N', 'S', 8),
('atom bomb', 'N', 'S', 8),
('atomic bomb', 'N', 'S', 8),
('autocannon', 'N', 'S', 8),
('automatic rifle', 'N', 'S', 8),
('axe', 'N', 'S', 8),
('ballista', 'N', 'S', 8),
('ballistic missile', 'N', 'S', 8),
('bat', 'N', 'S', 8),
('baton', 'N', 'S', 8),
('battle axe', 'N', 'S', 8),
('bayonet', 'N', 'S', 8),
('bazooka', 'N', 'S', 8),
('billy club', 'N', 'S', 8),
('biological weapon', 'N', 'S', 8),
('blackjack', 'N', 'S', 8),
('blade', 'N', 'S', 8),
('blaster', 'N', 'S', 8),
('blowgun', 'N', 'S', 8),
('blowpipe', 'N', 'S', 8),
('bludgeon', 'N', 'S', 8),
('bomb', 'N', 'S', 8),
('boobytrap', 'N', 'S', 8),
('boomerang', 'N', 'S', 8),
('bow and arrow', 'N', 'S', 8),
('Bowie knife', 'N', 'S', 8),
('brass knuckles', 'N', 'S', 8),
('bullet', 'N', 'S', 8),
('cannon', 'N', 'S', 8),
('carbine', 'N', 'S', 8),
('cat o\'nine tails', 'N', 'S', 8),
('catapult', 'N', 'S', 8),
('cleaver', 'N', 'S', 8),
('club', 'N', 'S', 8),
('crossbow', 'N', 'S', 8),
('cudgel', 'N', 'S', 8),
('cutlass', 'N', 'S', 8),
('dagger', 'N', 'S', 8),
('dart', 'N', 'S', 8),
('depth charge', 'N', 'S', 8),
('epee', 'N', 'S', 8),
('explosives', 'N', 'S', 8),
('firearm', 'N', 'S', 8),
('flail', 'N', 'S', 8),
('flamethrower', 'N', 'S', 8),
('flintlock', 'N', 'S', 8),
('foil', 'N', 'S', 8),
('Gatling gun', 'N', 'S', 8),
('grenade', 'N', 'S', 8),
('grenade launcher', 'N', 'S', 8),
('guided missile', 'N', 'S', 8),
('gun', 'N', 'S', 8),
('gunpowder', 'N', 'S', 8),
('halberd', 'N', 'S', 8),
('hand grenade', 'N', 'S', 8),
('handgun', 'N', 'S', 8),
('harpoon', 'N', 'S', 8),
('hatchet', 'N', 'S', 8),
('howitzer', 'N', 'S', 8),
('hunting knife', 'N', 'S', 8),
('javelin', 'N', 'S', 8),
('katana', 'N', 'S', 8),
('knife', 'N', 'S', 8),
('knout', 'N', 'S', 8),
('kris', 'N', 'S', 8),
('lance', 'N', 'S', 8),
('landmine', 'N', 'S', 8),
('longbow', 'N', 'S', 8),
('longsword', 'N', 'S', 8),
('mace', 'N', 'S', 8),
('machete', 'N', 'S', 8),
('machine gun', 'N', 'S', 8),
('magnum', 'N', 'S', 8),
('maul', 'N', 'S', 8),
('mine', 'N', 'S', 8),
('missile', 'N', 'S', 8),
('morning star', 'N', 'S', 8),
('mortar', 'N', 'S', 8),
('munitions', 'N', 'S', 8),
('musket', 'N', 'S', 8),
('mustard gas', 'N', 'S', 8),
('muzzleloader', 'N', 'S', 8),
('nerve gas', 'N', 'S', 8),
('night stick', 'N', 'S', 8),
('nuclear bomb', 'N', 'S', 8),
('nunchucks', 'N', 'S', 8),
('onager', 'N', 'S', 8),
('ordnance', 'N', 'S', 8),
('peashooter', 'N', 'S', 8),
('pepper spray', 'N', 'S', 8),
('pickaxe', 'N', 'S', 8),
('pike', 'N', 'S', 8),
('pistol', 'N', 'S', 8),
('pommel', 'N', 'S', 8),
('quarterstaff', 'N', 'S', 8),
('rapier', 'N', 'S', 8),
('revolver', 'N', 'S', 8),
('rifle', 'N', 'S', 8),
('rocket', 'N', 'S', 8),
('rocket launcher', 'N', 'S', 8),
('saber', 'N', 'S', 8),
('scimitar', 'N', 'S', 8),
('scythe', 'N', 'S', 8),
('semiautomatic', 'N', 'S', 8),
('shell', 'N', 'S', 8),
('shillelagh', 'N', 'S', 8),
('shooter', 'N', 'S', 8),
('shotgun', 'N', 'S', 8),
('sickle', 'N', 'S', 8),
('slingshot', 'N', 'S', 8),
('spear', 'N', 'S', 8),
('spiked mace', 'N', 'S', 8),
('stiletto', 'N', 'S', 8),
('stun gun', 'N', 'S', 8),
('submachine gun', 'N', 'S', 8),
('switchblade', 'N', 'S', 8),
('sword', 'N', 'S', 8),
('tank', 'N', 'S', 8),
('tank gun', 'N', 'S', 8),
('taser', 'N', 'S', 8),
('tear gas', 'N', 'S', 8),
('tomahawk', 'N', 'S', 8),
('torpedo', 'N', 'S', 8),
('trebuchet', 'N', 'S', 8),
('trident', 'N', 'S', 8),
('tripwire', 'N', 'S', 8),
('truncheon', 'N', 'S', 8),
('Uzi', 'N', 'S', 8),
('weapon', 'N', 'S', 8),
('weapon of mass destruction', 'N', 'S', 8),
('weaponry', 'N', 'S', 8),
('whip', 'N', 'S', 8),
('adze', 'N', 'S', 9),
('Allen wrench', 'N', 'S', 9),
('anvil', 'N', 'S', 9),
('axe', 'N', 'S', 9),
('bellows', 'N', 'S', 9),
('bevel', 'N', 'S', 9),
('block and tackle', 'N', 'S', 9),
('block plane', 'N', 'S', 9),
('bolt', 'N', 'S', 9),
('bolt cutter', 'N', 'S', 9),
('brad', 'N', 'S', 9),
('brush', 'N', 'S', 9),
('caliper', 'N', 'S', 9),
('carpenter', 'N', 'S', 9),
('chalk line', 'N', 'S', 9),
('chisel', 'N', 'S', 9),
('circular saw', 'N', 'S', 9),
('clamp', 'N', 'S', 9),
('clipper', 'N', 'S', 9),
('coping saw', 'N', 'S', 9),
('countersink', 'N', 'S', 9),
('crowbar', 'N', 'S', 9),
('cutters', 'N', 'S', 9),
('drill', 'N', 'S', 9),
('drill bit', 'N', 'S', 9),
('drill press', 'N', 'S', 9),
('edger', 'N', 'S', 9),
('electric drill', 'N', 'S', 9),
('fastener', 'N', 'S', 9),
('glass cutter', 'N', 'S', 9),
('glue', 'N', 'S', 9),
('glue gun', 'N', 'S', 9),
('grinder', 'N', 'S', 9),
('hacksaw', 'N', 'S', 9),
('hammer', 'N', 'S', 9),
('handsaw', 'N', 'S', 9),
('hex wrench', 'N', 'S', 9),
('hoe', 'N', 'S', 9),
('hone', 'N', 'S', 9),
('jig', 'N', 'S', 9),
('jigsaw', 'N', 'S', 9),
('knife', 'N', 'S', 9),
('ladder', 'N', 'S', 9),
('lathe', 'N', 'S', 9),
('level', 'N', 'S', 9),
('lever', 'N', 'S', 9),
('machete', 'N', 'S', 9),
('mallet', 'N', 'S', 9),
('measuring tape', 'N', 'S', 9),
('miter box', 'N', 'S', 9),
('monkey wrench', 'N', 'S', 9),
('nail', 'N', 'S', 9),
('nail set', 'N', 'S', 9),
('needle-nose pliers', 'N', 'S', 9),
('nut', 'N', 'S', 9),
('Phillips screwdriver', 'N', 'S', 9),
('pickaxe', 'N', 'S', 9),
('pin', 'N', 'S', 9),
('pincer', 'N', 'S', 9),
('pinch', 'N', 'S', 9),
('pitchfork', 'N', 'S', 9),
('plane', 'N', 'S', 9),
('pliers', 'N', 'S', 9),
('plow', 'N', 'S', 9),
('plumb bob', 'N', 'S', 9),
('poker', 'N', 'S', 9),
('pruning shears', 'N', 'S', 9),
('pry bar', 'N', 'S', 9),
('pulley', 'N', 'S', 9),
('putty knife', 'N', 'S', 9),
('rasp', 'N', 'S', 9),
('ratchet', 'N', 'S', 9),
('razor', 'N', 'S', 9),
('reamer', 'N', 'S', 9),
('rivet', 'N', 'S', 9),
('roller', 'N', 'S', 9),
('rope', 'N', 'S', 9),
('router', 'N', 'S', 9),
('ruler', 'N', 'S', 9),
('safety glasses', 'N', 'S', 9),
('sand paper', 'N', 'S', 9),
('sander', 'N', 'S', 9),
('saw', 'N', 'S', 9),
('sawhorse', 'N', 'S', 9),
('scalpel', 'N', 'S', 9),
('scissors', 'N', 'S', 9),
('scraper', 'N', 'S', 9),
('screw', 'N', 'S', 9),
('screwdriver', 'N', 'S', 9),
('scythe', 'N', 'S', 9),
('sharpener', 'N', 'S', 9),
('shovel', 'N', 'S', 9),
('sickle', 'N', 'S', 9),
('snips', 'N', 'S', 9),
('spade', 'N', 'S', 9),
('spear', 'N', 'S', 9),
('sponge', 'N', 'S', 9),
('square', 'N', 'S', 9),
('squeegee', 'N', 'S', 9),
('staple', 'N', 'S', 9),
('stapler', 'N', 'S', 9),
('tack', 'N', 'S', 9),
('tiller', 'N', 'S', 9),
('tongs', 'N', 'S', 9),
('toolbox', 'N', 'S', 9),
('toolmaker', 'N', 'S', 9),
('torch', 'N', 'S', 9),
('trowel', 'N', 'S', 9),
('utility knife', 'N', 'S', 9),
('vise', 'N', 'S', 9),
('wedge', 'N', 'S', 9),
('wheel', 'N', 'S', 9),
('woodworker', 'N', 'S', 9),
('workbench', 'N', 'S', 9),
('wrench', 'N', 'S', 9);

--
-- Indexes for dumped tables
--

--
-- Indexes for table `characters`
--
ALTER TABLE `characters`
  ADD PRIMARY KEY (`characterID`),
  ADD KEY `Client_to_Char` (`clientID`);

--
-- Indexes for table `client`
--
ALTER TABLE `client`
  ADD PRIMARY KEY (`clientID`);

--
-- Indexes for table `requests`
--
ALTER TABLE `requests`
  ADD PRIMARY KEY (`requestID`),
  ADD KEY `Client_to_request` (`clientID`);

--
-- Indexes for table `type`
--
ALTER TABLE `type`
  ADD PRIMARY KEY (`typeId`);

--
-- Indexes for table `wordlist`
--
ALTER TABLE `wordlist`
  ADD KEY `type` (`type`);

--
-- AUTO_INCREMENT for dumped tables
--

--
-- AUTO_INCREMENT for table `characters`
--
ALTER TABLE `characters`
  MODIFY `characterID` int(11) NOT NULL AUTO_INCREMENT, AUTO_INCREMENT=3;

--
-- AUTO_INCREMENT for table `client`
--
ALTER TABLE `client`
  MODIFY `clientID` int(11) NOT NULL AUTO_INCREMENT, AUTO_INCREMENT=2;

--
-- AUTO_INCREMENT for table `requests`
--
ALTER TABLE `requests`
  MODIFY `requestID` int(11) NOT NULL AUTO_INCREMENT, AUTO_INCREMENT=3;

--
-- AUTO_INCREMENT for table `type`
--
ALTER TABLE `type`
  MODIFY `typeId` int(11) NOT NULL AUTO_INCREMENT, AUTO_INCREMENT=11;

--
-- Constraints for dumped tables
--

--
-- Constraints for table `characters`
--
ALTER TABLE `characters`
  ADD CONSTRAINT `Client_to_Char` FOREIGN KEY (`clientID`) REFERENCES `client` (`clientID`) ON DELETE CASCADE ON UPDATE CASCADE;

--
-- Constraints for table `requests`
--
ALTER TABLE `requests`
  ADD CONSTRAINT `Client_to_request` FOREIGN KEY (`clientID`) REFERENCES `client` (`clientID`) ON DELETE CASCADE ON UPDATE CASCADE;
COMMIT;

/*!40101 SET CHARACTER_SET_CLIENT=@OLD_CHARACTER_SET_CLIENT */;
/*!40101 SET CHARACTER_SET_RESULTS=@OLD_CHARACTER_SET_RESULTS */;
/*!40101 SET COLLATION_CONNECTION=@OLD_COLLATION_CONNECTION */;
