-- phpMyAdmin SQL Dump
-- version 5.0.4
-- https://www.phpmyadmin.net/
--
-- Host: 127.0.0.1
-- Generation Time: Dec 18, 2021 at 11:14 PM
-- Server version: 10.4.17-MariaDB
-- PHP Version: 8.0.2

SET SQL_MODE = "NO_AUTO_VALUE_ON_ZERO";
START TRANSACTION;
SET time_zone = "+00:00";


/*!40101 SET @OLD_CHARACTER_SET_CLIENT=@@CHARACTER_SET_CLIENT */;
/*!40101 SET @OLD_CHARACTER_SET_RESULTS=@@CHARACTER_SET_RESULTS */;
/*!40101 SET @OLD_COLLATION_CONNECTION=@@COLLATION_CONNECTION */;
/*!40101 SET NAMES utf8mb4 */;

--
-- Database: `charactergeneration`
--
CREATE DATABASE IF NOT EXISTS `charactergeneration` DEFAULT CHARACTER SET utf8mb4 COLLATE utf8mb4_general_ci;
USE `charactergeneration`;

-- --------------------------------------------------------

--
-- Table structure for table `allwords`
--

DROP TABLE IF EXISTS `allwords`;
CREATE TABLE `allwords` (
  `COL 1` varchar(19) DEFAULT NULL,
  `COL 2` varchar(20) DEFAULT NULL,
  `COL 3` varchar(15) DEFAULT NULL,
  `COL 4` varchar(16) DEFAULT NULL,
  `COL 5` varchar(17) DEFAULT NULL,
  `COL 6` varchar(15) DEFAULT NULL,
  `COL 7` varchar(18) DEFAULT NULL,
  `COL 8` varchar(19) DEFAULT NULL,
  `COL 9` varchar(26) DEFAULT NULL,
  `COL 10` varchar(27) DEFAULT NULL,
  `COL 11` varchar(25) DEFAULT NULL,
  `COL 12` varchar(26) DEFAULT NULL,
  `COL 13` varchar(26) DEFAULT NULL,
  `COL 14` varchar(27) DEFAULT NULL,
  `COL 15` varchar(20) DEFAULT NULL,
  `COL 16` varchar(21) DEFAULT NULL
) ENGINE=InnoDB DEFAULT CHARSET=utf8;

--
-- Dumping data for table `allwords`
--

INSERT INTO `allwords` (`COL 1`, `COL 2`, `COL 3`, `COL 4`, `COL 5`, `COL 6`, `COL 7`, `COL 8`, `COL 9`, `COL 10`, `COL 11`, `COL 12`, `COL 13`, `COL 14`, `COL 15`, `COL 16`) VALUES
('FOOD', 'FOOD&P', 'FUN', 'FUN&P', 'FURNITURE', 'DRINK', 'TOY', 'TOY&P', 'ANIMAL', 'ANIMAL&P', 'VEHICLE', 'VEHICLE&P', 'WEAPON', 'WEAPON&P', 'TOOL', 'TOOL&P'),
('Alfalfa Sprout', 'Alfalfa Sprouts', 'Clown', 'Clowns', 'armchair', 'Coffee', 'action figure', 'action figures', 'Aardvark', 'Aardvarks', 'aerial tramway', 'aerial tramways', 'A-bomb', 'A-bombs', 'adze', 'adzes'),
('Apple', 'Apples', 'Magician', 'Magicians', 'armoire', 'Tea bag', 'ant farm', 'ant farms', 'Aardwolf', 'Aardwolfs', 'aircraft', 'aircrafts', 'ammo', 'ammos', 'Allen wrench', 'Allen wrenches'),
('Apricot', 'Apricots', 'Ball pit', 'Ball Pits', 'bar stool', 'Tea', 'ball', 'balls', 'African Elephant', 'African Elephants', 'aircraft carrier', 'aircraft carriers', 'ammunition', 'ammunitions', 'anvil', 'anvils'),
('Artichoke', 'Artichokes', 'Jeeva', 'Jeeva', 'bassinet', 'Green tea', 'baseball', 'baseballs', 'African Tree Pangolin', 'African Tree Pangolins', 'airplane', 'airplanes', 'armaments', 'armamentss', 'axe', 'axes'),
('Asian Pear', 'Asian Pears', 'Toy', 'Toys', 'beach chair', 'Chocolate milk', 'bat', 'bats', 'Alligator', 'Alligators', 'ambulance', 'ambulances', 'arms', 'armss', 'bellows', 'bellows'),
('Asparagus', 'Asparaguss', 'multicolor lamp', 'Multicolor Lamps', 'bean bag chair', 'Hot chocolate', 'bear', 'bears', 'Alpaca', 'Alpacas', 'amphibious vehicle', 'amphibious vehicles', 'arrow', 'arrows', 'bevel', 'bevels'),
('Atemoya', 'Atemoyas', 'Phone', 'Phones', 'bed', 'Tomato juice', 'bicycle', 'bicycles', 'Anteater', 'Anteaters', 'armored car', 'armored cars', 'assault rifle', 'assault rifles', 'block and tackle', 'block and tackles'),
('Avocado', 'Avocados', 'Slide', 'Slides', 'bed table', 'Smoothie', 'bike', 'bikes', 'Antelope', 'Antelopes', 'auto', 'autos', 'atom bomb', 'atom bombs', 'block plane', 'block planes'),
('Bamboo Shoot', 'Bamboo Shoots', 'Crayon', 'Crayons', 'bench', 'Milkshake', 'block', 'blocks', 'Ape', 'Apes', 'automobile', 'automobiles', 'atomic bomb', 'atomic bombs', 'bolt', 'bolts'),
('Banana', 'Bananas', 'Water Fountain ', 'Water Fountains', 'bentwood rocker', 'Coconut milk', 'cap gun', 'cap guns', 'Arabian Horse', 'Arabian Horses', 'baby carriage', 'baby carriages', 'autocannon', 'autocannons', 'bolt cutter', 'bolt cutters'),
('Bean Sprout', 'Bean Sprouts', '', '', 'bergere', 'Orange juice', 'car', 'cars', 'Armadillo', 'Armadillos', 'balloon', 'balloons', 'automatic rifle', 'automatic rifles', 'brad', 'brads'),
('Bean', 'Bean', '', '', 'bookcase', 'Lemonade', 'card', 'cards', 'Arthropod', 'Arthropods', 'barge', 'barges', 'axe', 'axes', 'brush', 'brushes'),
('Beet', 'Beets', '', '', 'bookshelf', 'Fruit juice', 'chalk board', 'chalk boards', 'Asian Elephant', 'Asian Elephants', 'barrow', 'barrows', 'ballista', 'ballistas', 'caliper', 'calipers'),
('Belgian Endive', 'Belgian Endives', '', '', 'breakfront', 'Cocoa', 'checkers', 'checkerss', 'Aye-Aye', 'Aye-Ayes', 'bathyscaphe', 'bathyscaphes', 'ballistic missile', 'ballistic missiles', 'carpenter', 'carpenters'),
('Bell Pepper', 'Bell Peppers', '', '', 'buffet', 'Water', 'chemistry set', 'chemistry sets', 'Baboon', 'Baboons', 'battleship', 'battleships', 'bat', 'bats', 'chalk line', 'chalk lines'),
('Bitter Melon', 'Bitter Melons', '', '', 'bunk bed', 'Soda', 'chess', 'chesss', 'Badger', 'Badgers', 'bicycle', 'bicycles', 'baton', 'batons', 'chisel', 'chisels'),
('Blackberry', 'Blackberries', '', '', 'bureau', 'Sparkly Water', 'clay', 'clays', 'Bandicoot', 'Bandicoots', 'bike', 'bikes', 'battle axe', 'battle axes', 'circular saw', 'circular saws'),
('Blueberry', 'Blueberries', '', '', 'cabinet', 'Vegetable Juice', 'construction set', 'construction sets', 'Bat', 'Bats', 'biplane', 'biplanes', 'bayonet', 'bayonets', 'clamp', 'clamps'),
('Bok Choy', 'Bok Choys', '', '', 'canopy bed', 'Chocolate milk', 'cymbal', 'cymbals', 'Bearded Dragon', 'Bearded Dragons', 'blimp', 'blimps', 'bazooka', 'bazookas', 'clipper', 'clippers'),
('Boniato', 'Boniatos', '', '', 'captain\'s chair', 'Smoothie', 'dice', 'dices', 'Beaver', 'Beavers', 'boat', 'boats', 'billy club', 'billy clubs', 'coping saw', 'coping saws'),
('Boysenberry', 'Boysenberries', '', '', 'card table', 'Cappuccino', 'dinosaur', 'dinosaurs', 'Beluga Whale', 'Beluga Whales', 'bobsled', 'bobsleds', 'biological weapon', 'biological weapons', 'countersink', 'countersinks'),
('Broccoflower', 'Broccoflowers', '', '', 'carpet', 'Coke', 'doll', 'dolls', 'Bengal Tiger', 'Bengal Tigers', 'bomber', 'bombers', 'blackjack', 'blackjacks', 'crowbar', 'crowbars'),
('Broccoli', 'Broccolis', '', '', 'cart', 'Fanta', 'dollhouse', 'dollhouses', 'Big-Horned Sheep', 'Big-Horned Sheeps', 'boxcar', 'boxcars', 'blade', 'blades', 'cutters', 'cutters'),
('Brussels Sprout', 'Brussels Sprouts', '', '', 'chair', 'Pepsi', 'domino', 'dominos', 'Billy Goat', 'Billy Goats', 'broomstick', 'broomsticks', 'blaster', 'blasters', 'drill', 'drills'),
('Cabbage', 'Cabbages', '', '', 'chaise lounge', 'Sprite', 'dump truck', 'dump trucks', 'Bird', 'Birds', 'buggy', 'buggies', 'blowgun', 'blowguns', 'drill bit', 'drill bits'),
('Cactus Pear', 'Cactus Pears', '', '', 'chandelier', 'Dr. Pepper', 'easel', 'easels', 'Bison', 'Bisons', 'bulldozer', 'bulldozers', 'blowpipe', 'blowpipes', 'drill press', 'drill presses'),
('Cantaloupe', 'Cantaloupes', '', '', 'chest', 'Earl Grey', 'firetruck', 'firetrucks', 'Black Bear', 'Black Bears', 'bullet train', 'bullet trains', 'bludgeon', 'bludgeons', 'edger', 'edgers'),
('Carambola', 'Carambolas', '', '', 'chest of drawers', 'Green Tea', 'football', 'footballs', 'Black Footed Rhino', 'Black Footed Rhinos', 'bus', 'busses', 'bomb', 'bombs', 'electric drill', 'electric drills'),
('Carrot', 'Carrots', '', '', 'china cabinet', 'Black Coffee', 'globe', 'globes', 'Black Howler Monkey', 'Black Howler Monkeys', 'cab', 'cabs', 'boobytrap', 'boobytraps', 'fastener', 'fasteners'),
('Casaba Melon', 'Casaba Melons', '', '', 'clothes valet', '', 'go', 'gos', 'Black Rhino', 'Black Rhinos', 'cabin cruiser', 'cabin cruisers', 'boomerang', 'boomerangs', 'glass cutter', 'glass cutters'),
('Cauliflower', 'Cauliflowers', '', '', 'club chair', '', 'go fish', 'go fishs', 'Blacktip Reef Shark', 'Blacktip Reef Sharks', 'cable car', 'cable cars', 'bow and arrow', 'bow and arrows', 'glue', 'glues'),
('Celery', 'Celeries', '', '', 'coffee table', '', 'hopscotch', 'hopscotchs', 'Blue Shark', 'Blue Sharks', 'caboose', 'cabooses', 'Bowie knife', 'Bowie knifes', 'glue gun', 'glue guns'),
('Chayote', 'Chayotes', '', '', 'console', '', 'hula hoop', 'hula hoops', 'Blue Whale', 'Blue Whales', 'camper', 'campers', 'brass knuckles', 'brass knuckless', 'grinder', 'grinders'),
('Cherimoya', 'Cherimoyas', '', '', 'cot', '', 'ice skate', 'ice skates', 'Boar', 'Boars', 'canoe', 'canoes', 'bullet', 'bullets', 'hacksaw', 'hacksaws'),
('Cherry', 'Cherries', '', '', 'couch', '', 'jack-in-the-box', 'jack-in-the-boxs', 'Bob-Cat', 'Bob-Cats', 'car', 'cars', 'cannon', 'cannons', 'hammer', 'hammers'),
('Coconut', 'Coconuts', '', '', 'cradle', '', 'jacks', 'jackss', 'Bonobo', 'Bonobos', 'caravan', 'caravans', 'carbine', 'carbines', 'handsaw', 'handsaws'),
('', 'Collard Greens', '', '', 'credenza', '', 'jigsaw puzzle', 'jigsaw puzzles', 'Bottlenose Dolphin', 'Bottlenose Dolphins', 'caravel', 'caravels', 'cat o\'nine tails', 'cat o\'nine tails', 'hex wrench', 'hex wrenches'),
('Corn', 'Corns', '', '', 'crib', '', 'jump rope', 'jump ropes', 'Bottlenose Whale', 'Bottlenose Whales', 'cargo ship', 'cargo ships', 'catapult', 'catapults', 'hoe', 'hoes'),
('Cranberry', 'Cranberries', '', '', 'cubbies', '', 'kaleidoscope', 'kaleidoscopes', 'Brown Bear', 'Brown Bears', 'carriage', 'carriages', 'cleaver', 'cleavers', 'hone', 'hones'),
('Cucumber', 'Cucumbers', '', '', 'cupboard', '', 'lincoln Log', 'lincoln Logs', 'Buffalo', 'Buffalos', 'carrier', 'carriers', 'club', 'clubs', 'jig', 'jigs'),
('Date', 'Dates', '', '', 'curio', '', 'marble', 'marbles', 'Bull', 'Bulls', 'cart', 'carts', 'crossbow', 'crossbows', 'jigsaw', 'jigsaws'),
('Dried Plum', 'Dried Plums', '', '', 'curtains', '', 'marionette', 'marionettes', 'Bull frog', 'Bull frogs', 'catamaran', 'catamarans', 'cudgel', 'cudgels', 'knife', 'knifes'),
('Eggplant', 'Eggplants', '', '', 'cushion', '', 'maze', 'mazes', 'Caiman Lizard', 'Caiman Lizards', 'chairlift', 'chairlifts', 'cutlass', 'cutlasses', 'ladder', 'ladders'),
('Endive', 'Endives', '', '', 'deck chair', '', 'mobile', 'mobiles', 'Camel', 'Camels', 'chariot', 'chariots', 'dagger', 'daggers', 'lathe', 'lathes'),
('Escarole', 'Escaroles', '', '', 'desk', '', 'model car', 'model cars', 'Capuchin Monkey', 'Capuchin Monkeys', 'chopper', 'choppers', 'dart', 'darts', 'level', 'levels'),
('Feijoa', 'Feijoas', '', '', 'desk chair', '', 'model train', 'model trains', 'Capybara', 'Capybaras', 'clipper ship', 'clipper ships', 'depth charge', 'depth charges', 'lever', 'levers'),
('Fennel', 'Fennels', '', '', 'dining room table', '', 'modeling clay', 'modeling clays', 'Caribou', 'Caribous', 'clunker', 'clunkers', 'epee', 'epees', 'machete', 'machetes'),
('Fig', 'Figs', '', '', 'director\'s chair', '', 'music box', 'music boxs', 'Cat', 'Cats', 'coach', 'coachs', 'explosives', 'explosivess', 'mallet', 'mallets'),
('Garlic', 'Garlics', '', '', 'display cabinet', '', 'nim', 'nims', 'Cattle', 'Cattles', 'combine', 'combines', 'firearm', 'firearms', 'measuring tape', 'measuring tapes'),
('Gooseberry', 'Gooseberries', '', '', 'divan', '', 'ping pong ball', 'ping pong balls', 'Cheetah', 'Cheetahs', 'compact car', 'compact cars', 'flail', 'flails', 'miter box', 'miter boxs'),
('Grapefruit', 'Grapefruits', '', '', 'drapery', '', 'playhouse', 'playhouses', 'Chimpanzee', 'Chimpanzees', 'Conestoga wagon', 'Conestoga wagons', 'flamethrower', 'flamethrowers', 'monkey wrench', 'monkey wrenchs'),
('Grape', 'Grapes', '', '', 'drapes', '', 'pogo stick', 'pogo sticks', 'Chinchilla', 'Chinchillas', 'container ship', 'container ships', 'flintlock', 'flintlocks', 'nail', 'nails'),
('Green Bean', 'Green Beans', '', '', 'dresser', '', 'puppet', 'puppets', 'Chipmunk', 'Chipmunks', 'convertible', 'convertibles', 'foil', 'foils', 'nail set', 'nail sets'),
('Green Onion', 'Green Onions', '', '', 'easel', '', 'puzzle', 'puzzles', 'Common Dolphin', 'Common Dolphins', 'conveyance', 'conveyances', 'Gatling gun', 'Gatling guns', 'needle-nose pliers', 'needle-nose plierss'),
('', 'Greens', '', '', 'easy chair', '', 'rag doll', 'rag dolls', 'Common Seal', 'Common Seals', 'conveyor belt', 'conveyor belts', 'grenade', 'grenades', 'nut', 'nuts'),
('Guava', 'Guavas', '', '', 'end table', '', 'rattle', 'rattles', 'Coral and Anemone', 'Coral and Anemones', 'convoy', 'convoys', 'grenade launcher', 'grenade launchers', 'Phillips screwdriver', 'Phillips screwdrivers'),
('Hominy', 'Hominies', '', '', 'fauteuil', '', 'remote-control car', 'remote-control cars', 'Cougar', 'Cougars', 'coupe', 'coupes', 'guided missile', 'guided missiles', 'pickaxe', 'pickaxes'),
('Honeydew Melon', 'Honeydew Melons', '', '', 'file cabinet', '', 'reversi', 'reversis', 'Cow', 'Cows', 'covered wagon', 'covered wagons', 'gun', 'guns', 'pin', 'pins'),
('Horned Melon', 'Horned Melons', '', '', 'folding chair', '', 'robot', 'robots', 'Coyote', 'Coyotes', 'crane', 'cranes', 'gunpowder', 'gunpowders', 'pincer', 'pincers'),
('Iceberg Lettuce', 'Iceberg Lettuces', '', '', 'folding screen', '', 'rocking horse', 'rocking horses', 'Crocodile', 'Crocodiles', 'crop duster', 'crop dusters', 'halberd', 'halberds', 'pinch', 'pinchs'),
('Jerusalem Artichoke', 'Jerusalem Artichokes', '', '', 'footrest', '', 'soller Skate', 'soller Skates', 'Crustacean', 'Crustaceans', 'cruise ship', 'cruise ships', 'hand grenade', 'hand grenades', 'pitchfork', 'pitchforks'),
('Jicama', 'Jicamas', '', '', 'footstool', '', 'rubber duck', 'rubber ducks', 'Dart Frog', 'Dart Frogs', 'cruiser', 'cruisers', 'handgun', 'handguns', 'plane', 'planes'),
('Kale', 'Kales', '', '', 'four-poster bed', '', 'scooter', 'scooters', 'Deer', 'Deers', 'cutter', 'cutters', 'harpoon', 'harpoons', 'pliers', 'plierss'),
('Kiwifruit', 'Kiwifruits', '', '', 'furnishing', '', 'skateboard', 'skateboards', 'Degus', 'Deguss', 'cycle', 'cycles', 'hatchet', 'hatchets', 'plow', 'plows'),
('Kohlrabi', 'Kohlrabis', '', '', 'furniture', '', 'skate', 'skates', 'Dik-Dik', 'Dik-Diks', 'delivery truck', 'delivery trucks', 'howitzer', 'howitzers', 'plumb bob', 'plumb bobs'),
('Kumquat', 'Kumquats', '', '', 'futon', '', 'slide', 'slides', 'Dingo', 'Dingos', 'delivery van', 'delivery vans', 'hunting knife', 'hunting knifes', 'poker', 'pokers'),
('Leek', 'Leeks', '', '', 'game table', '', 'slingshot', 'slingshots', 'Dog', 'Dogs', 'destroyer', 'destroyers', 'javelin', 'javelins', 'pruning shears', 'pruning shearss'),
('Lemon', 'Lemons', '', '', 'garden bench', '', 'soccer ball', 'soccer balls', 'Dogfish Shark', 'Dogfish Sharks', 'diesel truck', 'diesel trucks', 'katana', 'katanas', 'pry bar', 'pry bars'),
('Lettuce', 'Lettuces', '', '', 'gateleg table', '', 'sock monkey', 'sock monkeys', 'Dolphin', 'Dolphins', 'dinghy', 'dinghies', 'knife', 'knifes', 'pulley', 'pulleys'),
('Lima Bean', 'Lima Beans', '', '', 'glider rocker', '', 'squirt gun', 'squirt guns', 'Donkey', 'Donkeys', 'dirigible', 'dirigibles', 'knout', 'knouts', 'putty knife', 'putty knifes'),
('Lime', 'Limes', '', '', 'grandfather clock', '', 'stuffed animal', 'stuffed animals', 'Door Mouse', 'Door Mouses', 'dirt bike', 'dirt bikes', 'kris', 'kriss', 'rasp', 'rasps'),
('Longan', 'Longans', '', '', 'hall tree', '', 'swing', 'swings', 'Dormouse', 'Dormouses', 'diving bell', 'diving bells', 'lance', 'lances', 'ratchet', 'ratchets'),
('Loquat', 'Loquats', '', '', 'hammock', '', 'tea set', 'tea sets', 'Draft Horse', 'Draft Horses', 'dog cart', 'dog carts', 'landmine', 'landmines', 'razor', 'razors'),
('Lychee', 'Lychees', '', '', 'hassock', '', 'teddy bear', 'teddy bears', 'Duckbill Platypus', 'Duckbill Platypus', 'dogsled', 'dogsleds', 'longbow', 'longbows', 'reamer', 'reamers'),
('Mandarin', 'Mandarins', '', '', 'hat stand', '', 'tic-tac-toe', 'tic-tac-toes', 'Dugong', 'Dugongs', 'donkey cart', 'donkey carts', 'longsword', 'longswords', 'rivet', 'rivets'),
('Malanga', 'Malangas', '', '', 'headboard', '', 'tin drum', 'tin drums', 'Dusky Shark', 'Dusky Sharks', 'dray', 'drays', 'mace', 'maces', 'roller', 'rollers'),
('Mandarin Orange', 'Mandarin Oranges', '', '', 'highchair', '', 'top', 'tops', 'Elephant', 'Elephants', 'driver', 'drivers', 'machete', 'machetes', 'rope', 'ropes'),
('Mango', 'Mangos', '', '', 'hope chest', '', 'toy boat', 'toy boats', 'Elephant Seal', 'Elephant Seals', 'dugout canoe', 'dugout canoes', 'machine gun', 'machine guns', 'router', 'routers'),
('Mulberry', 'Mulberries', '', '', 'hutch', '', 'toy soldier', 'toy soldiers', 'Elk', 'Elks', 'dump truck', 'dump trucks', 'magnum', 'magnums', 'ruler', 'rulers'),
('Mushroom', 'Mushrooms', '', '', 'island', '', 'trampoline', 'trampolines', 'Ermine', 'Ermines', 'earth mover', 'earth movers', 'maul', 'mauls', 'safety glasses', 'safety glassess'),
('Napa', 'Napas', '', '', 'kitchen island', '', 'tricycle', 'tricycles', 'Eurasian Lynx', 'Eurasian Lynxs', 'eighteen-wheeler', 'eighteen-wheelers', 'mine', 'mines', 'sand paper', 'sand papers'),
('Nectarine', 'Nectarines', '', '', 'ladderback chair', '', 'unicycle', 'unicycles', 'Ferret', 'Ferrets', 'electric car', 'electric cars', 'missile', 'missiles', 'sander', 'sanders'),
('Okra', 'Okras', '', '', 'lamp', '', 'video game', 'video games', 'Fish(es)', 'Fish(es)s', 'elevated railroad', 'elevated railroads', 'morning star', 'morning stars', 'saw', 'saws'),
('Onion', 'Onions', '', '', 'lawn chair', '', 'wagon', 'wagons', 'Florida Panther', 'Florida Panthers', 'elevator', 'elevators', 'mortar', 'mortars', 'sawhorse', 'sawhorses'),
('Orange', 'Oranges', '', '', 'lift chair', '', 'whistle', 'whistles', 'Flying Fox', 'Flying Foxes', 'engine', 'engines', 'munitions', 'munitionss', 'scalpel', 'scalpels'),
('Papaya', 'Papayas', '', '', 'light', '', 'wind-up car', 'wind-up cars', 'Fox', 'Foxes', 'escalator', 'escalators', 'musket', 'muskets', 'scissors', 'scissorss'),
('Parsnip', 'Parsnips', '', '', 'lintel', '', 'xylophone', 'xylophones', 'Fresh Water Crocodile', 'Fresh Water Crocodiles', 'express train', 'express trains', 'mustard gas', 'mustard gass', 'scraper', 'scrapers'),
('Passion Fruit', 'Passion Fruits', '', '', 'lounge chair', '', 'yo-yo', 'yo-yos', 'Frog', 'Frogs', 'ferry', 'ferrys', 'muzzleloader', 'muzzleloaders', 'screw', 'screws'),
('Peach', 'Peaches', '', '', 'lounger', '', '', '', 'Fur Seal', 'Fur Seals', 'fire engine', 'fire engines', 'nerve gas', 'nerve gass', 'screwdriver', 'screwdrivers'),
('Pear', 'Pears', '', '', 'love seat', '', '', '', 'Galapagos Land Iguana', 'Galapagos Land Iguanas', 'fireboat', 'fireboats', 'night stick', 'night sticks', 'scythe', 'scythes'),
('Pea', 'Peas', '', '', 'mantle', '', '', '', 'Galapagos Shark', 'Galapagos Sharks', 'fishing boat', 'fishing boats', 'nuclear bomb', 'nuclear bombs', 'sharpener', 'sharpeners'),
('Pepper', 'Peppers', '', '', 'mattress', '', '', '', 'Galapagos Tortoise', 'Galapagos Tortoises', 'flatbed truck', 'flatbed trucks', 'nunchucks', 'nunchuckss', 'shovel', 'shovels'),
('Persimmon', 'Persimmons', '', '', 'mirror', '', '', '', 'Gazelle', 'Gazelles', 'forklift', 'forklifts', 'onager', 'onagers', 'sickle', 'sickles'),
('Pineapple', 'Pineapples', '', '', 'Murphy bed', '', '', '', 'Gecko', 'Geckos', 'four-by-four', 'four-by-fours', 'ordnance', 'ordnances', 'snips', 'snipss'),
('Plantain', 'Plantains', '', '', 'nightstand', '', '', '', 'Giant Anteater', 'Giant Anteaters', 'four-door', 'four-doors', 'peashooter', 'peashooters', 'spade', 'spades'),
('Plum', 'Plums', '', '', 'office chair', '', '', '', 'Giant Panda', 'Giant Pandas', 'four-wheel drive', 'four-wheel drives', 'pepper spray', 'pepper sprays', 'spear', 'spears'),
('Pomegranate', 'Pomegranates', '', '', 'ottoman', '', '', '', 'Gibbon', 'Gibbons', 'freight train', 'freight trains', 'pickaxe', 'pickaxes', 'sponge', 'sponges'),
('Potatoe', 'Potatoes', '', '', 'pantry', '', '', '', 'Giraffe', 'Giraffes', 'freighter', 'freighters', 'pike', 'pikes', 'square', 'squares'),
('Prickly Pear', 'Prickly Pears', '', '', 'park bench', '', '', '', 'Goat', 'Goats', 'frigate', 'frigates', 'pistol', 'pistols', 'squeegee', 'squeegees'),
('Prune', 'Prunes', '', '', 'patio chair', '', '', '', 'Gopher', 'Gophers', 'funicular railway', 'funicular railways', 'pommel', 'pommels', 'staple', 'staples'),
('Pummelo', 'Pummelos', '', '', 'patio table', '', '', '', 'Gorilla', 'Gorillas', 'galleon', 'galleons', 'quarterstaff', 'quarterstaffs', 'stapler', 'staplers'),
('Pumpkin', 'Pumpkins', '', '', 'pew', '', '', '', 'Gray Fox', 'Gray Foxs', 'garbage truck', 'garbage trucks', 'rapier', 'rapiers', 'tack', 'tacks'),
('Quince', 'Quinces', '', '', 'piano bench', '', '', '', 'Gray Nurse Shark', 'Gray Nurse Sharks', 'glider', 'gliders', 'revolver', 'revolvers', 'tiller', 'tillers'),
('Radicchio', 'Radicchios', '', '', 'picnic table', '', '', '', 'Gray Reef Shark', 'Gray Reef Sharks', 'go-cart', 'go-carts', 'rifle', 'rifles', 'tongs', 'tongss'),
('Radish', 'Radishes', '', '', 'pillow', '', '', '', 'Gray Whale', 'Gray Whales', 'golf cart', 'golf carts', 'rocket', 'rockets', 'toolbox', 'toolboxs'),
('Raisin', 'Raisins', '', '', 'porch swing', '', '', '', 'Great White Shark', 'Great White Sharks', 'gondola', 'gondolas', 'rocket launcher', 'rocket launchers', 'toolmaker', 'toolmakers'),
('Raspberry', 'Raspberries', '', '', 'rack', '', '', '', 'Green Poison Dart Frog', 'Green Poison Dart Frogs', 'gondola lift', 'gondola lifts', 'saber', 'sabers', 'torch', 'torchs'),
('Red Cabbage', 'Red Cabbages', '', '', 'recliner', '', '', '', 'Green Sea Turtle', 'Green Sea Turtles', 'gridlock', 'gridlocks', 'scimitar', 'scimitars', 'trowel', 'trowels'),
('Rhubarb', 'Rhubarbs', '', '', 'rocking chair', '', '', '', 'Grizzly Bear', 'Grizzly Bears', 'handcar', 'handcars', 'scythe', 'scythes', 'utility knife', 'utility knifes'),
('Romaine Lettuce', 'Romaine Lettuces', '', '', 'room divider', '', '', '', 'Groundhog', 'Groundhogs', 'hang glider', 'hang gliders', 'semiautomatic', 'semiautomatics', 'vise', 'vises'),
('Rutabaga', 'Rutabagas', '', '', 'rug', '', '', '', 'Guinea Pig', 'Guinea Pigs', 'hansom cab', 'hansom cabs', 'shell', 'shells', 'wedge', 'wedges'),
('Shallot', 'Shallots', '', '', 'sconce', '', '', '', 'Hairy-Nosed Wombat', 'Hairy-Nosed Wombats', 'hardtop', 'hardtops', 'shillelagh', 'shillelaghs', 'wheel', 'wheels'),
('Snow Pea', 'Snow Peas', '', '', 'screen', '', '', '', 'Hammerhead Shark', 'Hammerhead Sharks', 'harvester', 'harvesters', 'shooter', 'shooters', 'woodworker', 'woodworkers'),
('Spinach', 'Spinaches', '', '', 'seat', '', '', '', 'Harbor Porpoise', 'Harbor Porpoises', 'hatchback', 'hatchbacks', 'shotgun', 'shotguns', 'workbench', 'workbenchs'),
('Sprouts', 'Sprouts', '', '', 'secretary', '', '', '', 'Harbor Seal', 'Harbor Seals', 'haul', 'hauls', 'sickle', 'sickles', 'wrench', 'wrenches'),
('Squash', 'Squashes', '', '', 'sectional sofa', '', '', '', 'Hare', 'Hares', 'hay wagon', 'hay wagons', 'slingshot', 'slingshots', '', ''),
('Strawberry', 'Strawberries', '', '', 'settee', '', '', '', 'Harp Seal', 'Harp Seals', 'hearse', 'hearses', 'spear', 'spears', '', ''),
('String Bean', 'String Beans', '', '', 'shelf', '', '', '', 'Hawaiian Monk Seal', 'Hawaiian Monk Seals', 'helicopter', 'helicopters', 'spiked mace', 'spiked maces', '', ''),
('Sweet Potato', 'Sweet Potatoes', '', '', 'shoji screen', '', '', '', 'Hedgehog', 'Hedgehogs', 'hook and ladder truck', 'hook and ladder trucks', 'stiletto', 'stilettos', '', ''),
('Tangelo', 'Tangelos', '', '', 'sideboard', '', '', '', 'Hippopotamus', 'Hippopotamuss', 'hot rod', 'hot rods', 'stun gun', 'stun guns', '', ''),
('Tangerine', 'Tangerines', '', '', 'sleeper sofa', '', '', '', 'Horn Shark', 'Horn Sharks', 'hot-air balloon', 'hot-air balloons', 'submachine gun', 'submachine guns', '', ''),
('Tomatillo', 'Tomatillos', '', '', 'sofa', '', '', '', 'Horse', 'Horses', 'houseboat', 'houseboats', 'switchblade', 'switchblades', '', ''),
('Tomato', 'Tomatoes', '', '', 'sofabed', '', '', '', 'Howler Monkey', 'Howler Monkeys', 'hovercraft', 'hovercrafts', 'sword', 'swords', '', ''),
('Turnip', 'Turnips', '', '', 'stool', '', '', '', 'Humpback Whale', 'Humpback Whales', 'hull', 'hulls', 'tank', 'tanks', '', ''),
('Ugli Fruit', 'Ugli Fruits', '', '', 'table', '', '', '', 'Hyena', 'Hyenas', 'Humvee', 'Humvees', 'tank gun', 'tank guns', '', ''),
('Water Chestnut', 'Water Chestnuts', '', '', 'tansu', '', '', '', 'Hyrax', 'Hyraxs', 'hybrid', 'hybrids', 'taser', 'tasers', '', ''),
('Watercress', 'Watercresses', '', '', 'tea cart', '', '', '', 'Iguana', 'Iguanas', 'hydrofoil', 'hydrofoils', 'tear gas', 'tear gass', '', ''),
('Watermelon', 'Watermelons', '', '', 'throne', '', '', '', 'Iguanodon', 'Iguanodons', 'hydroplane', 'hydroplanes', 'tomahawk', 'tomahawks', '', ''),
('Waxed Bean', 'Waxed Beans', '', '', 'throw rug', '', '', '', 'Impala', 'Impalas', 'ice boat', 'ice boats', 'torpedo', 'torpedos', '', ''),
('Yam', 'Yams', '', '', 'trundle bed', '', '', '', 'Insect', 'Insects', 'ice breaker', 'ice breakers', 'trebuchet', 'trebuchets', '', ''),
('Yellow Squash', 'Yellow Squashes', '', '', 'tuffet', '', '', '', 'Irrawaddy Dolphin', 'Irrawaddy Dolphins', 'jalopy', 'jalopys', 'trident', 'tridents', '', ''),
('Zucchini Squash', 'Zucchini Squashes', '', '', 'alet', '', '', '', 'Jackal', 'Jackals', 'jeep', 'jeeps', 'tripwire', 'tripwires', '', ''),
('', '', '', '', 'vanity', '', '', '', 'Jackrabbit', 'Jackrabbits', 'jet', 'jets', 'truncheon', 'truncheons', '', ''),
('', '', '', '', 'Venetian blinds', '', '', '', 'Jaguar', 'Jaguars', 'jet boat', 'jet boats', 'Uzi', 'Uzis', '', ''),
('', '', '', '', 'vitrine', '', '', '', 'Jellyfish', 'Jellyfishs', 'jet pack', 'jet packs', 'weapon', 'weapons', '', ''),
('', '', '', '', 'wardrobe', '', '', '', 'Kangaroo', 'Kangaroos', 'jet ski', 'jet skis', 'weapon of mass destruction', 'weapon of mass destructions', '', ''),
('', '', '', '', 'waste basket', '', '', '', 'Kermode Bear', 'Kermode Bears', 'jetliner', 'jetliners', 'weaponry', 'weaponrys', '', ''),
('', '', '', '', 'waterbed', '', '', '', 'Killer Whale', 'Killer Whales', 'journey', 'journeys', 'whip', 'whips', '', ''),
('', '', '', '', 'window shade', '', '', '', 'Koala', 'Koalas', 'jumbo jet', 'jumbo jets', '', '', '', ''),
('', '', '', '', 'Windsor chair', '', '', '', 'Komodo Dragon', 'Komodo Dragons', 'junk', 'junks', '', '', '', ''),
('', '', '', '', 'wing chair', '', '', '', 'Kookaburra', 'Kookaburras', 'kayak', 'kayaks', '', '', '', ''),
('', '', '', '', 'work table', '', '', '', 'Lama', 'Lamas', 'ketch', 'ketchs', '', '', '', ''),
('', '', '', '', 'writing desk', '', '', '', 'Lamb', 'Lambs', 'landing craft', 'landing crafts', '', '', '', ''),
('', '', '', '', '', '', '', '', 'Lancelet', 'Lancelets', 'life raft', 'life rafts', '', '', '', ''),
('', '', '', '', '', '', '', '', 'Least Weasel', 'Least Weasels', 'lifeboat', 'lifeboats', '', '', '', ''),
('', '', '', '', '', '', '', '', 'Leatherback Sea Turtle', 'Leatherback Sea Turtles', 'light rail', 'light rails', '', '', '', ''),
('', '', '', '', '', '', '', '', 'Lemming', 'Lemmings', 'limo', 'limos', '', '', '', ''),
('', '', '', '', '', '', '', '', 'Lemon Shark', 'Lemon Sharks', 'limousine', 'limousines', '', '', '', ''),
('', '', '', '', '', '', '', '', 'Lemur', 'Lemurs', 'litter', 'litters', '', '', '', ''),
('', '', '', '', '', '', '', '', 'Leopard', 'Leopards', 'locomotive', 'locomotives', '', '', '', ''),
('', '', '', '', '', '', '', '', 'Leopard Gecko', 'Leopard Geckos', 'lorry', 'lorrys', '', '', '', ''),
('', '', '', '', '', '', '', '', 'Leopard Seal', 'Leopard Seals', 'low-rider', 'low-riders', '', '', '', ''),
('', '', '', '', '', '', '', '', 'Leopard Shark', 'Leopard Sharks', 'magic carpet', 'magic carpets', '', '', '', ''),
('', '', '', '', '', '', '', '', 'Lion', 'Lions', 'maglev', 'maglevs', '', '', '', ''),
('', '', '', '', '', '', '', '', 'Llama', 'Llamas', 'mast', 'masts', '', '', '', ''),
('', '', '', '', '', '', '', '', 'Loggerhead Turtles', 'Loggerhead Turtless', 'minesweeper', 'minesweepers', '', '', '', ''),
('', '', '', '', '', '', '', '', 'Lynx', 'Lynxs', 'minibus', 'minibuss', '', '', '', ''),
('', '', '', '', '', '', '', '', 'Mako Shark', 'Mako Sharks', 'minivan', 'minivans', '', '', '', ''),
('', '', '', '', '', '', '', '', 'Manatee', 'Manatees', 'model T', 'model Ts', '', '', '', ''),
('', '', '', '', '', '', '', '', 'Manta Ray', 'Manta Rays', 'monorail', 'monorails', '', '', '', ''),
('', '', '', '', '', '', '', '', 'Mantis', 'Mantises', 'moped', 'mopeds', '', '', '', ''),
('', '', '', '', '', '', '', '', 'Marbled Salamander', 'Marbled Salamanders', 'motor', 'motors', '', '', '', ''),
('', '', '', '', '', '', '', '', 'Marmot', 'Marmots', 'motor home', 'motor homes', '', '', '', ''),
('', '', '', '', '', '', '', '', 'Marsupial', 'Marsupials', 'motorboat', 'motorboats', '', '', '', ''),
('', '', '', '', '', '', '', '', 'Meerkat', 'Meerkats', 'motorcar', 'motorcars', '', '', '', ''),
('', '', '', '', '', '', '', '', 'Megamouth Shark', 'Megamouth Sharks', 'motorcycle', 'motorcycles', '', '', '', ''),
('', '', '', '', '', '', '', '', 'Melon-Headed Whale', 'Melon-Headed Whales', 'mountain bike', 'mountain bikes', '', '', '', ''),
('', '', '', '', '', '', '', '', 'Miniature Donkey', 'Miniature Donkeys', 'narrowboat', 'narrowboats', '', '', '', ''),
('', '', '', '', '', '', '', '', 'Mink', 'Minks', 'oar', 'oars', '', '', '', ''),
('', '', '', '', '', '', '', '', 'Minke Whale', 'Minke Whales', 'ocean liner', 'ocean liners', '', '', '', ''),
('', '', '', '', '', '', '', '', 'Mole', 'Moles', 'off-road vehicle', 'off-road vehicles', '', '', '', ''),
('', '', '', '', '', '', '', '', 'Mole Salamander', 'Mole Salamanders', 'oil tanker', 'oil tankers', '', '', '', ''),
('', '', '', '', '', '', '', '', 'Mollusk', 'Mollusks', 'outboard motor', 'outboard motors', '', '', '', ''),
('', '', '', '', '', '', '', '', 'Mongoose', 'Mongooses', 'outrigger canoe', 'outrigger canoes', '', '', '', ''),
('', '', '', '', '', '', '', '', 'Monitor Lizard', 'Monitor Lizards', 'oxcart', 'oxcarts', '', '', '', ''),
('', '', '', '', '', '', '', '', 'Monk Seal', 'Monk Seals', 'paddle', 'paddles', '', '', '', ''),
('', '', '', '', '', '', '', '', 'Monkey', 'Monkeys', 'paddlewheeler', 'paddlewheelers', '', '', '', ''),
('', '', '', '', '', '', '', '', 'Moose', 'Mooses', 'parachute', 'parachutes', '', '', '', ''),
('', '', '', '', '', '', '', '', 'Mountain Lion', 'Mountain Lions', 'passenger', 'passengers', '', '', '', ''),
('', '', '', '', '', '', '', '', 'Mouse', 'Mouses', 'patrol car', 'patrol cars', '', '', '', ''),
('', '', '', '', '', '', '', '', 'Mule', 'Mules', 'pedal boat', 'pedal boats', '', '', '', ''),
('', '', '', '', '', '', '', '', 'Muskox', 'Muskoxs', 'pickup truck', 'pickup trucks', '', '', '', ''),
('', '', '', '', '', '', '', '', 'Muskrat', 'Muskrats', 'pilot', 'pilots', '', '', '', ''),
('', '', '', '', '', '', '', '', 'Naked Mole Rat', 'Naked Mole Rats', 'plane', 'planes', '', '', '', ''),
('', '', '', '', '', '', '', '', 'Narwhal', 'Narwhals', 'police car', 'police cars', '', '', '', ''),
('', '', '', '', '', '', '', '', 'Nautilus', 'Nautiluss', 'power boat', 'power boats', '', '', '', ''),
('', '', '', '', '', '', '', '', 'Newt', 'Newts', 'prairie schooner', 'prairie schooners', '', '', '', ''),
('', '', '', '', '', '', '', '', 'Northern Right Whale', 'Northern Right Whales', 'propeller', 'propellers', '', '', '', ''),
('', '', '', '', '', '', '', '', 'Nurse Shark', 'Nurse Sharks', 'PT boat', 'PT boats', '', '', '', ''),
('', '', '', '', '', '', '', '', 'Nutria', 'Nutrias', 'pumper truck', 'pumper trucks', '', '', '', ''),
('', '', '', '', '', '', '', '', 'Nyala', 'Nyalas', 'punt', 'punts', '', '', '', ''),
('', '', '', '', '', '', '', '', 'Ocelot', 'Ocelots', 'push cart', 'push carts', '', '', '', ''),
('', '', '', '', '', '', '', '', 'Octopus', 'Octopuss', 'racecar', 'racecars', '', '', '', ''),
('', '', '', '', '', '', '', '', 'Okapi', 'Okapis', 'racing car', 'racing cars', '', '', '', ''),
('', '', '', '', '', '', '', '', 'Opossum', 'Opossums', 'raft', 'rafts', '', '', '', ''),
('', '', '', '', '', '', '', '', 'Orangutan', 'Orangutans', 'ragtop', 'ragtops', '', '', '', ''),
('', '', '', '', '', '', '', '', 'Orca', 'Orcas', 'railroad', 'railroads', '', '', '', ''),
('', '', '', '', '', '', '', '', 'Otter', 'Otters', 'railway', 'railways', '', '', '', ''),
('', '', '', '', '', '', '', '', 'Ox', 'Oxs', 'rapid transit', 'rapid transits', '', '', '', ''),
('', '', '', '', '', '', '', '', 'Panda', 'Pandas', 'recreational vehicle', 'recreational vehicles', '', '', '', ''),
('', '', '', '', '', '', '', '', 'Panther', 'Panthers', 'rickshaw', 'rickshaws', '', '', '', ''),
('', '', '', '', '', '', '', '', 'Pig', 'Pigs', 'ride', 'rides', '', '', '', ''),
('', '', '', '', '', '', '', '', 'Pilot Whale', 'Pilot Whales', 'riverboat', 'riverboats', '', '', '', ''),
('', '', '', '', '', '', '', '', 'Pine Marten', 'Pine Martens', 'roadster', 'roadsters', '', '', '', ''),
('', '', '', '', '', '', '', '', 'Platypus', 'Platypuss', 'rocket', 'rockets', '', '', '', ''),
('', '', '', '', '', '', '', '', 'Polar Bear', 'Polar Bears', 'rover', 'rovers', '', '', '', ''),
('', '', '', '', '', '', '', '', 'Porcupine', 'Porcupines', 'rowboat', 'rowboats', '', '', '', ''),
('', '', '', '', '', '', '', '', 'Porpoise', 'Porpoises', 'rudder', 'rudders', '', '', '', ''),
('', '', '', '', '', '', '', '', 'Possum', 'Possums', 'runabout', 'runabouts', '', '', '', ''),
('', '', '', '', '', '', '', '', 'Potbellied Pig', 'Potbellied Pigs', 'RV', 'RVs', '', '', '', ''),
('', '', '', '', '', '', '', '', 'Potto', 'Pottos', 'sail', 'sails', '', '', '', ''),
('', '', '', '', '', '', '', '', 'Prairie Dog', 'Prairie Dogs', 'sailboat', 'sailboats', '', '', '', ''),
('', '', '', '', '', '', '', '', 'Proboscis Monkey', 'Proboscis Monkeys', 'satellite', 'satellites', '', '', '', ''),
('', '', '', '', '', '', '', '', 'Przewalski\'s Wild horse', 'Przewalski\'s Wild horses', 'school bus', 'school buss', '', '', '', ''),
('', '', '', '', '', '', '', '', 'Puma', 'Pumas', 'schooner', 'schooners', '', '', '', ''),
('', '', '', '', '', '', '', '', 'Pygmy Hippopotamus', 'Pygmy Hippopotamuses', 'scooter', 'scooters', '', '', '', ''),
('', '', '', '', '', '', '', '', 'Pygmy Right Whale', 'Pygmy Right Whales', 'scull', 'sculls', '', '', '', ''),
('', '', '', '', '', '', '', '', 'Pygmy Sperm Whale', 'Pygmy Sperm Whales', 'seaplane', 'seaplanes', '', '', '', ''),
('', '', '', '', '', '', '', '', 'Quokkas', 'Quokkass', 'sedan', 'sedans', '', '', '', ''),
('', '', '', '', '', '', '', '', 'Quolls', 'Quollss', 'sedan chair', 'sedan chairs', '', '', '', ''),
('', '', '', '', '', '', '', '', 'Rabbit', 'Rabbits', 'Segway', 'Segways', '', '', '', ''),
('', '', '', '', '', '', '', '', 'Raccoon', 'Raccoons', 'semi', 'semis', '', '', '', ''),
('', '', '', '', '', '', '', '', 'Rat', 'Rats', 'ship', 'ships', '', '', '', ''),
('', '', '', '', '', '', '', '', 'Ray', 'Rays', 'shuttle', 'shuttles', '', '', '', ''),
('', '', '', '', '', '', '', '', 'Red Fox', 'Red Foxs', 'side wheeler', 'side wheelers', '', '', '', ''),
('', '', '', '', '', '', '', '', 'Red Kangaroo', 'Red Kangaroos', 'ski lift', 'ski lifts', '', '', '', ''),
('', '', '', '', '', '', '', '', 'Red Panda', 'Red Pandas', 'ski tow', 'ski tows', '', '', '', ''),
('', '', '', '', '', '', '', '', 'Red-Eyed Tree Frog', 'Red-Eyed Tree Frogs', 'skiff', 'skiffs', '', '', '', ''),
('', '', '', '', '', '', '', '', 'Reef Shark', 'Reef Sharks', 'sled', 'sleds', '', '', '', ''),
('', '', '', '', '', '', '', '', 'Reindeer', 'Reindeers', 'sledge', 'sledges', '', '', '', ''),
('', '', '', '', '', '', '', '', 'Rhino', 'Rhinos', 'sleigh', 'sleighs', '', '', '', ''),
('', '', '', '', '', '', '', '', 'Rhinoceros', 'Rhinoceross', 'snow cat', 'snow cats', '', '', '', ''),
('', '', '', '', '', '', '', '', 'Right Whale', 'Right Whales', 'snowmobile', 'snowmobiles', '', '', '', ''),
('', '', '', '', '', '', '', '', 'Ringed Seal', 'Ringed Seals', 'snowplow', 'snowplows', '', '', '', ''),
('', '', '', '', '', '', '', '', 'Risso\'s Dolphin', 'Risso\'s Dolphins', 'space shuttle', 'space shuttles', '', '', '', ''),
('', '', '', '', '', '', '', '', 'River Dolphin', 'River Dolphins', 'spaceship', 'spaceships', '', '', '', ''),
('', '', '', '', '', '', '', '', 'Salamander', 'Salamanders', 'speedboat', 'speedboats', '', '', '', ''),
('', '', '', '', '', '', '', '', 'Sandbar Shark', 'Sandbar Sharks', 'sport-utility vehicle/SUV', 'sport-utility vehicle/SUVs', '', '', '', ''),
('', '', '', '', '', '', '', '', 'Scalloped Hammerhead Shark', 'Scalloped Hammerhead Sharks', 'sports car', 'sports cars', '', '', '', ''),
('', '', '', '', '', '', '', '', 'Sea Lion', 'Sea Lions', 'squad car', 'squad cars', '', '', '', ''),
('', '', '', '', '', '', '', '', 'Sea Turtle', 'Sea Turtles', 'SST', 'SSTs', '', '', '', ''),
('', '', '', '', '', '', '', '', 'Seal', 'Seals', 'stagecoach', 'stagecoachs', '', '', '', ''),
('', '', '', '', '', '', '', '', 'Sei Whale', 'Sei Whales', 'station wagon', 'station wagons', '', '', '', ''),
('', '', '', '', '', '', '', '', 'Shark', 'Sharks', 'steamboat', 'steamboats', '', '', '', ''),
('', '', '', '', '', '', '', '', 'Sheep', 'Sheeps', 'steamship', 'steamships', '', '', '', ''),
('', '', '', '', '', '', '', '', 'Shortfin Mako Shark', 'Shortfin Mako Sharks', 'stock car', 'stock cars', '', '', '', ''),
('', '', '', '', '', '', '', '', 'Siberian Tiger', 'Siberian Tigers', 'stretch limo', 'stretch limos', '', '', '', ''),
('', '', '', '', '', '', '', '', 'Silky Shark', 'Silky Sharks', 'stroller', 'strollers', '', '', '', ''),
('', '', '', '', '', '', '', '', 'Skink', 'Skinks', 'subcompact', 'subcompacts', '', '', '', ''),
('', '', '', '', '', '', '', '', 'Skunk', 'Skunks', 'submarine', 'submarines', '', '', '', ''),
('', '', '', '', '', '', '', '', 'Slender Loris', 'Slender Loriss', 'submersible', 'submersibles', '', '', '', ''),
('', '', '', '', '', '', '', '', 'Sloth', 'Sloths', 'subway', 'subways', '', '', '', ''),
('', '', '', '', '', '', '', '', 'Sloth Bear', 'Sloth Bears', 'surrey', 'surreys', '', '', '', ''),
('', '', '', '', '', '', '', '', 'Snake', 'Snakes', 'SUV', 'SUVs', '', '', '', ''),
('', '', '', '', '', '', '', '', 'Snow Fox', 'Snow Foxs', 'T-bar lift', 'T-bar lifts', '', '', '', ''),
('', '', '', '', '', '', '', '', 'Snow Hare', 'Snow Hares', 'tank', 'tanks', '', '', '', ''),
('', '', '', '', '', '', '', '', 'Snow Leopard', 'Snow Leopards', 'tanker', 'tankers', '', '', '', ''),
('', '', '', '', '', '', '', '', 'Snow Monkey', 'Snow Monkeys', 'taxi', 'taxis', '', '', '', ''),
('', '', '', '', '', '', '', '', 'Somali Wild Ass', 'Somali Wild Asss', 'taxicab', 'taxicabs', '', '', '', ''),
('', '', '', '', '', '', '', '', 'Spectacled Bear', 'Spectacled Bears', 'thresher', 'threshers', '', '', '', ''),
('', '', '', '', '', '', '', '', 'Sperm Whale', 'Sperm Whales', 'tire', 'tires', '', '', '', ''),
('', '', '', '', '', '', '', '', 'Spider Monkey', 'Spider Monkeys', 'toboggan', 'toboggans', '', '', '', ''),
('', '', '', '', '', '', '', '', 'Spiny Dogfish Shark', 'Spiny Dogfish Sharks', 'tow truck', 'tow trucks', '', '', '', ''),
('', '', '', '', '', '', '', '', 'Spotted Dolphin', 'Spotted Dolphins', 'town car', 'town cars', '', '', '', ''),
('', '', '', '', '', '', '', '', 'Squirrel', 'Squirrels', 'tracks', 'trackss', '', '', '', ''),
('', '', '', '', '', '', '', '', 'Star-Nosed Mole', 'Star-Nosed Moles', 'tractor', 'tractors', '', '', '', ''),
('', '', '', '', '', '', '', '', 'Stellar Sea Lion', 'Stellar Sea Lions', 'tractor-trailer', 'tractor-trailers', '', '', '', ''),
('', '', '', '', '', '', '', '', 'Striped Dolphin', 'Striped Dolphins', 'trail bike', 'trail bikes', '', '', '', ''),
('', '', '', '', '', '', '', '', 'Sun Bear', 'Sun Bears', 'trailer', 'trailers', '', '', '', ''),
('', '', '', '', '', '', '', '', 'Takin', 'Takins', 'train', 'trains', '', '', '', ''),
('', '', '', '', '', '', '', '', 'Tamarin', 'Tamarins', 'tram', 'trams', '', '', '', ''),
('', '', '', '', '', '', '', '', 'Tapir', 'Tapirs', 'tramway', 'tramways', '', '', '', ''),
('', '', '', '', '', '', '', '', 'Tasmanian Devil', 'Tasmanian Devils', 'transit', 'transits', '', '', '', ''),
('', '', '', '', '', '', '', '', 'Tasmanian Tiger', 'Tasmanian Tigers', 'trawler', 'trawlers', '', '', '', ''),
('', '', '', '', '', '', '', '', 'Terrapin', 'Terrapins', 'tricycle', 'tricycles', '', '', '', ''),
('', '', '', '', '', '', '', '', 'Thresher Shark', 'Thresher Sharks', 'trolley', 'trolleys', '', '', '', ''),
('', '', '', '', '', '', '', '', 'Tiger', 'Tigers', 'truck', 'trucks', '', '', '', ''),
('', '', '', '', '', '', '', '', 'Tiger Salamander', 'Tiger Salamanders', 'tugboat', 'tugboats', '', '', '', ''),
('', '', '', '', '', '', '', '', 'Tiger Shark', 'Tiger Sharks', 'two-door', 'two-doors', '', '', '', ''),
('', '', '', '', '', '', '', '', 'Topi', 'Topis', 'U-boat', 'U-boats', '', '', '', ''),
('', '', '', '', '', '', '', '', 'Tortoise', 'Tortoises', 'ultralight craft', 'ultralight crafts', '', '', '', ''),
('', '', '', '', '', '', '', '', 'Tree Frog', 'Tree Frogs', 'umiak', 'umiaks', '', '', '', ''),
('', '', '', '', '', '', '', '', 'Turtle', 'Turtles', 'unicycle', 'unicycles', '', '', '', ''),
('', '', '', '', '', '', '', '', 'Uakari', 'Uakaris', 'van', 'vans', '', '', '', ''),
('', '', '', '', '', '', '', '', 'Vampire Bat', 'Vampire Bats', 'vehicle', 'vehicles', '', '', '', ''),
('', '', '', '', '', '', '', '', 'Vancouver Island Marmot', 'Vancouver Island Marmots', 'vespa', 'vespas', '', '', '', ''),
('', '', '', '', '', '', '', '', 'Vervet Monkey', 'Vervet Monkeys', 'vessel', 'vessels', '', '', '', ''),
('', '', '', '', '', '', '', '', 'Vicuna', 'Vicunas', 'wagon', 'wagons', '', '', '', ''),
('', '', '', '', '', '', '', '', 'Vole', 'Voles', 'warship', 'warships', '', '', '', ''),
('', '', '', '', '', '', '', '', 'Wallaby', 'Wallabies', 'wheel', 'wheels', '', '', '', ''),
('', '', '', '', '', '', '', '', 'Walrus', 'Walrus', 'wheelbarrow', 'wheelbarrows', '', '', '', ''),
('', '', '', '', '', '', '', '', 'Warthog', 'Warthogs', 'wheelchair', 'wheelchairs', '', '', '', ''),
('', '', '', '', '', '', '', '', 'Water Buffalo', 'Water Buffalos', 'windjammer', 'windjammers', '', '', '', ''),
('', '', '', '', '', '', '', '', 'Weasel', 'Weasels', 'windshield', 'windshields', '', '', '', ''),
('', '', '', '', '', '', '', '', 'Whale Shark', 'Whale Sharks', 'wreck', 'wrecks', '', '', '', ''),
('', '', '', '', '', '', '', '', 'Whale', 'Whales', 'yacht', 'yachts', '', '', '', ''),
('', '', '', '', '', '', '', '', 'White Rhino', 'White Rhinos', 'yawl', 'yawls', '', '', '', ''),
('', '', '', '', '', '', '', '', 'White Tailed Deer', 'White Tailed Deers', 'Zamboni', 'Zambonis', '', '', '', ''),
('', '', '', '', '', '', '', '', 'White-Beaked Dolphin', 'White-Beaked Dolphins', 'zeppelin', 'zeppelins', '', '', '', ''),
('', '', '', '', '', '', '', '', 'Whitetip Reef Shark', 'Whitetip Reef Sharks', '', '', '', '', '', ''),
('', '', '', '', '', '', '', '', 'Wildcat', 'Wildcats', '', '', '', '', '', ''),
('', '', '', '', '', '', '', '', 'Wildebeest', 'Wildebeests', '', '', '', '', '', ''),
('', '', '', '', '', '', '', '', 'Wobbegong Shark', 'Wobbegong Sharks', '', '', '', '', '', ''),
('', '', '', '', '', '', '', '', 'Wolf', 'Wolves', '', '', '', '', '', ''),
('', '', '', '', '', '', '', '', 'Wolverine', 'Wolverines', '', '', '', '', '', ''),
('', '', '', '', '', '', '', '', 'Wombat', 'Wombats', '', '', '', '', '', ''),
('', '', '', '', '', '', '', '', 'Woodchuck', 'Woodchucks', '', '', '', '', '', ''),
('', '', '', '', '', '', '', '', 'Yak', 'Yaks', '', '', '', '', '', ''),
('', '', '', '', '', '', '', '', 'Yellow-Bellied Marmot', 'Yellow-Bellied Marmots', '', '', '', '', '', ''),
('', '', '', '', '', '', '', '', 'Zebra', 'Zebras', '', '', '', '', '', ''),
('', '', '', '', '', '', '', '', 'Zebu', 'Zebus', '', '', '', '', '', ''),
('', '', '', '', '', '', '', '', 'Zorilla', 'Zorillas', '', '', '', '', '', '');

-- --------------------------------------------------------

--
-- Table structure for table `characters`
--

DROP TABLE IF EXISTS `characters`;
CREATE TABLE `characters` (
  `characterID` int(11) NOT NULL,
  `clientID` int(11) NOT NULL,
  `characterJSON` longtext CHARACTER SET utf8mb4 COLLATE utf8mb4_bin NOT NULL
) ENGINE=InnoDB DEFAULT CHARSET=utf8mb4;

--
-- Dumping data for table `characters`
--

INSERT INTO `characters` (`characterID`, `clientID`, `characterJSON`) VALUES
(1, 1, '{\"fName\":\"Juicer\",\"lName\":\"WarLord\",\"species\":\"Human\",\"eyeColor\":\"Green\",\"height\":\"1.15\",\"age\":\"23\",\"dateOfBirth\":\"24-02-2002\"}'),
(2, 1, '{\"fName\":\"Juicer\",\"lName\":\"Warlord\",\"species\":\"Human\",\"eyeColor\":\"Green\",\"height\":\"1.15\",\"age\":\"23\",\"dateOfBirth\":\"24-02-2002\"}');

-- --------------------------------------------------------

--
-- Table structure for table `client`
--

DROP TABLE IF EXISTS `client`;
CREATE TABLE `client` (
  `clientID` int(11) NOT NULL,
  `username` varchar(64) NOT NULL,
  `password` varchar(256) NOT NULL,
  `email` varchar(256) NOT NULL,
  `licenseKey` varchar(256) NOT NULL
) ENGINE=InnoDB DEFAULT CHARSET=utf8mb4;

--
-- Dumping data for table `client`
--

INSERT INTO `client` (`clientID`, `username`, `password`, `email`, `licenseKey`) VALUES
(1, 'Sniper_Pig', 'testtesttesttest', 'realfakeemail@gmail.com', '1234');

-- --------------------------------------------------------

--
-- Table structure for table `eyecolor`
--

DROP TABLE IF EXISTS `eyecolor`;
CREATE TABLE `eyecolor` (
  `eye_colorID` int(11) NOT NULL,
  `eye_color` varchar(64) NOT NULL
) ENGINE=InnoDB DEFAULT CHARSET=utf8mb4;

-- --------------------------------------------------------

--
-- Table structure for table `firstname`
--

DROP TABLE IF EXISTS `firstname`;
CREATE TABLE `firstname` (
  `nameID` int(11) NOT NULL,
  `first_name` varchar(64) NOT NULL
) ENGINE=InnoDB DEFAULT CHARSET=utf8mb4;

-- --------------------------------------------------------

--
-- Table structure for table `lastname`
--

DROP TABLE IF EXISTS `lastname`;
CREATE TABLE `lastname` (
  `nameID` int(11) NOT NULL,
  `last_name` varchar(64) NOT NULL
) ENGINE=InnoDB DEFAULT CHARSET=utf8mb4;

-- --------------------------------------------------------

--
-- Table structure for table `requests`
--

DROP TABLE IF EXISTS `requests`;
CREATE TABLE `requests` (
  `requestID` int(11) NOT NULL,
  `clientID` int(11) NOT NULL,
  `requestTime` timestamp NOT NULL DEFAULT current_timestamp() ON UPDATE current_timestamp(),
  `requestType` varchar(64) NOT NULL
) ENGINE=InnoDB DEFAULT CHARSET=utf8mb4;

--
-- Dumping data for table `requests`
--

INSERT INTO `requests` (`requestID`, `clientID`, `requestTime`, `requestType`) VALUES
(1, 1, '2021-12-12 21:16:03', 'Insert'),
(2, 1, '2021-12-13 01:04:11', 'Insert');

-- --------------------------------------------------------

--
-- Table structure for table `sentences`
--

DROP TABLE IF EXISTS `sentences`;
CREATE TABLE `sentences` (
  `sentenceID` int(11) NOT NULL,
  `sentence` text NOT NULL
) ENGINE=InnoDB DEFAULT CHARSET=utf8mb4;

--
-- Dumping data for table `sentences`
--

INSERT INTO `sentences` (`sentenceID`, `sentence`) VALUES
(1, 'They like eating [a/an] %BLANK% before going to bed.'),
(2, 'Their favorite food is [a/an] %BLANK% with %BLANK% on the side.'),
(3, 'Their weapon of choice is [a/an] %BLANK%'),
(4, 'They are often seen with [a/an] %BLANK%.'),
(5, 'They get happy whenever they know that [a/an] %BLANK% is in a 10 meters vicinity around them.'),
(6, 'They secretly own [a\\an] %BLANK%.'),
(7, 'They were once kicked out of a library because they pulled out a %BLANK% out of their pockets.'),
(8, 'They were once arrested because they had a suspect amount of %BLANK%.'),
(9, 'Because they own a large amount of %BLANK% you would think they like that. But truthfully, they are trying to limit the supply of that in order to sell their own product: %BLANK%.'),
(10, 'One time, they saw [a/an] %BLANK% across a bridge and almost died trying to go get it. If they did not have [a\\n] %BLANK% with them. They surely would\'ve died.'),
(11, 'On their last birthday, they were gifted [a/an] %BLANK% but hated that gift. They therefore sold it in the black market and made around 100$ for it. They later spent that money to buy [a/an] %BLANK% for themselves.'),
(12, 'Their favorite color is the same as their eye color. Their most hated color is the general color in which [a/an] %BLANK% can be found.'),
(13, 'No matter the  situation, they will always go for [a/an] %BLANK% before even considering [a/an]  %BLANK%.'),
(14, 'When they were an infant, they were scared by [a/an] %BLANK%. Ever since that day, they have never been able to get rid the nauseous feeling they get whenever they see that somewhere.');

-- --------------------------------------------------------

--
-- Table structure for table `species`
--

DROP TABLE IF EXISTS `species`;
CREATE TABLE `species` (
  `speciesID` int(11) NOT NULL,
  `species` varchar(64) NOT NULL
) ENGINE=InnoDB DEFAULT CHARSET=utf8mb4;

-- --------------------------------------------------------

--
-- Table structure for table `type`
--

DROP TABLE IF EXISTS `type`;
CREATE TABLE `type` (
  `typeId` int(11) NOT NULL,
  `type` varchar(64) NOT NULL
) ENGINE=InnoDB DEFAULT CHARSET=utf8mb4;

--
-- Dumping data for table `type`
--

INSERT INTO `type` (`typeId`, `type`) VALUES
(1, 'Food'),
(2, 'Fun'),
(3, 'Furniture'),
(4, 'Drink'),
(5, 'Toy'),
(6, 'Animal'),
(7, 'Vehicle'),
(8, 'Weapon'),
(9, 'Tool');

-- --------------------------------------------------------

--
-- Table structure for table `wordlist`
--

DROP TABLE IF EXISTS `wordlist`;
CREATE TABLE `wordlist` (
  `word` varchar(64) NOT NULL,
  `gender` char(1) DEFAULT NULL,
  `form` char(1) NOT NULL,
  `type` int(11) NOT NULL
) ENGINE=InnoDB DEFAULT CHARSET=utf8mb4;

--
-- Dumping data for table `wordlist`
--

INSERT INTO `wordlist` (`word`, `gender`, `form`, `type`) VALUES
('Alfalfa Sprout', 'N', 'S', 1),
('Apple', 'N', 'S', 1),
('Apricot', 'N', 'S', 1),
('Artichoke', 'N', 'S', 1),
('Asian Pear', 'N', 'S', 1),
('Asparagus', 'N', 'S', 1),
('Atemoya', 'N', 'S', 1),
('Avocado', 'N', 'S', 1),
('Bamboo Shoot', 'N', 'S', 1),
('Banana', 'N', 'S', 1),
('Bean Sprout', 'N', 'S', 1),
('Bean', 'N', 'S', 1),
('Beet', 'N', 'S', 1),
('Belgian Endive', 'N', 'S', 1),
('Bell Pepper', 'N', 'S', 1),
('Bitter Melon', 'N', 'S', 1),
('Blackberry', 'N', 'S', 1),
('Blueberry', 'N', 'S', 1),
('Bok Choy', 'N', 'S', 1),
('Boniato', 'N', 'S', 1),
('Boysenberry', 'N', 'S', 1),
('Broccoflower', 'N', 'S', 1),
('Broccoli', 'N', 'S', 1),
('Brussels Sprout', 'N', 'S', 1),
('Cabbage', 'N', 'S', 1),
('Cactus Pear', 'N', 'S', 1),
('Cantaloupe', 'N', 'S', 1),
('Carambola', 'N', 'S', 1),
('Carrot', 'N', 'S', 1),
('Casaba Melon', 'N', 'S', 1),
('Cauliflower', 'N', 'S', 1),
('Celery', 'N', 'S', 1),
('Chayote', 'N', 'S', 1),
('Cherimoya', 'N', 'S', 1),
('Cherry', 'N', 'S', 1),
('Coconut', 'N', 'S', 1),
('Corn', 'N', 'S', 1),
('Cranberry', 'N', 'S', 1),
('Cucumber', 'N', 'S', 1),
('Date', 'N', 'S', 1),
('Dried Plum', 'N', 'S', 1),
('Eggplant', 'N', 'S', 1),
('Endive', 'N', 'S', 1),
('Escarole', 'N', 'S', 1),
('Feijoa', 'N', 'S', 1),
('Fennel', 'N', 'S', 1),
('Fig', 'N', 'S', 1),
('Garlic', 'N', 'S', 1),
('Gooseberry', 'N', 'S', 1),
('Grapefruit', 'N', 'S', 1),
('Grape', 'N', 'S', 1),
('Green Bean', 'N', 'S', 1),
('Green Onion', 'N', 'S', 1),
('Guava', 'N', 'S', 1),
('Hominy', 'N', 'S', 1),
('Honeydew Melon', 'N', 'S', 1),
('Horned Melon', 'N', 'S', 1),
('Iceberg Lettuce', 'N', 'S', 1),
('Jerusalem Artichoke', 'N', 'S', 1),
('Jicama', 'N', 'S', 1),
('Kale', 'N', 'S', 1),
('Kiwifruit', 'N', 'S', 1),
('Kohlrabi', 'N', 'S', 1),
('Kumquat', 'N', 'S', 1),
('Leek', 'N', 'S', 1),
('Lemon', 'N', 'S', 1),
('Lettuce', 'N', 'S', 1),
('Lima Bean', 'N', 'S', 1),
('Lime', 'N', 'S', 1),
('Longan', 'N', 'S', 1),
('Loquat', 'N', 'S', 1),
('Lychee', 'N', 'S', 1),
('Mandarin', 'N', 'S', 1),
('Malanga', 'N', 'S', 1),
('Mandarin Orange', 'N', 'S', 1),
('Mango', 'N', 'S', 1),
('Mulberry', 'N', 'S', 1),
('Mushroom', 'N', 'S', 1),
('Napa', 'N', 'S', 1),
('Nectarine', 'N', 'S', 1),
('Okra', 'N', 'S', 1),
('Onion', 'N', 'S', 1),
('Orange', 'N', 'S', 1),
('Papaya', 'N', 'S', 1),
('Parsnip', 'N', 'S', 1),
('Passion Fruit', 'N', 'S', 1),
('Peach', 'N', 'S', 1),
('Pear', 'N', 'S', 1),
('Pea', 'N', 'S', 1),
('Pepper', 'N', 'S', 1),
('Persimmon', 'N', 'S', 1),
('Pineapple', 'N', 'S', 1),
('Plantain', 'N', 'S', 1),
('Plum', 'N', 'S', 1),
('Pomegranate', 'N', 'S', 1),
('Potatoe', 'N', 'S', 1),
('Prickly Pear', 'N', 'S', 1),
('Prune', 'N', 'S', 1),
('Pummelo', 'N', 'S', 1),
('Pumpkin', 'N', 'S', 1),
('Quince', 'N', 'S', 1),
('Radicchio', 'N', 'S', 1),
('Radish', 'N', 'S', 1),
('Raisin', 'N', 'S', 1),
('Raspberry', 'N', 'S', 1),
('Red Cabbage', 'N', 'S', 1),
('Rhubarb', 'N', 'S', 1),
('Romaine Lettuce', 'N', 'S', 1),
('Rutabaga', 'N', 'S', 1),
('Shallot', 'N', 'S', 1),
('Snow Pea', 'N', 'S', 1),
('Spinach', 'N', 'S', 1),
('Sprouts', 'N', 'S', 1),
('Squash', 'N', 'S', 1),
('Strawberry', 'N', 'S', 1),
('String Bean', 'N', 'S', 1),
('Sweet Potato', 'N', 'S', 1),
('Tangelo', 'N', 'S', 1),
('Tangerine', 'N', 'S', 1),
('Tomatillo', 'N', 'S', 1),
('Tomato', 'N', 'S', 1),
('Turnip', 'N', 'S', 1),
('Ugli Fruit', 'N', 'S', 1),
('Water Chestnut', 'N', 'S', 1),
('Watercress', 'N', 'S', 1),
('Watermelon', 'N', 'S', 1),
('Waxed Bean', 'N', 'S', 1),
('Yam', 'N', 'S', 1),
('Yellow Squash', 'N', 'S', 1),
('Zucchini Squash', 'N', 'S', 1),
('Clown', 'N', 'S', 2),
('Magician', 'N', 'S', 2),
('Ball pit', 'N', 'S', 2),
('Jeeva', 'N', 'S', 2),
('Toy', 'N', 'S', 2),
('multicolor lamp', 'N', 'S', 2),
('Phone', 'N', 'S', 2),
('Slide', 'N', 'S', 2),
('Crayon', 'N', 'S', 2),
('Water Fountain', 'N', 'S', 2),
('armchair', 'N', 'S', 3),
('armoire', 'N', 'S', 3),
('bar stool', 'N', 'S', 3),
('bassinet', 'N', 'S', 3),
('beach chair', 'N', 'S', 3),
('bean bag chair', 'N', 'S', 3),
('bed', 'N', 'S', 3),
('bed table', 'N', 'S', 3),
('bench', 'N', 'S', 3),
('bentwood rocker', 'N', 'S', 3),
('bergere', 'N', 'S', 3),
('bookcase', 'N', 'S', 3),
('bookshelf', 'N', 'S', 3),
('breakfront', 'N', 'S', 3),
('buffet', 'N', 'S', 3),
('bunk bed', 'N', 'S', 3),
('bureau', 'N', 'S', 3),
('cabinet', 'N', 'S', 3),
('canopy bed', 'N', 'S', 3),
('captain\'s chair', 'N', 'S', 3),
('card table', 'N', 'S', 3),
('carpet', 'N', 'S', 3),
('cart', 'N', 'S', 3),
('chair', 'N', 'S', 3),
('chaise lounge', 'N', 'S', 3),
('chandelier', 'N', 'S', 3),
('chest', 'N', 'S', 3),
('chest of drawers', 'N', 'S', 3),
('china cabinet', 'N', 'S', 3),
('clothes valet', 'N', 'S', 3),
('club chair', 'N', 'S', 3),
('coffee table', 'N', 'S', 3),
('console', 'N', 'S', 3),
('cot', 'N', 'S', 3),
('couch', 'N', 'S', 3),
('cradle', 'N', 'S', 3),
('credenza', 'N', 'S', 3),
('crib', 'N', 'S', 3),
('cubbies', 'N', 'S', 3),
('cupboard', 'N', 'S', 3),
('curio', 'N', 'S', 3),
('curtains', 'N', 'S', 3),
('cushion', 'N', 'S', 3),
('deck chair', 'N', 'S', 3),
('desk', 'N', 'S', 3),
('desk chair', 'N', 'S', 3),
('dining room table', 'N', 'S', 3),
('director\'s chair', 'N', 'S', 3),
('display cabinet', 'N', 'S', 3),
('divan', 'N', 'S', 3),
('drapery', 'N', 'S', 3),
('drapes', 'N', 'S', 3),
('dresser', 'N', 'S', 3),
('easel', 'N', 'S', 3),
('easy chair', 'N', 'S', 3),
('end table', 'N', 'S', 3),
('fauteuil', 'N', 'S', 3),
('file cabinet', 'N', 'S', 3),
('folding chair', 'N', 'S', 3),
('folding screen', 'N', 'S', 3),
('footrest', 'N', 'S', 3),
('footstool', 'N', 'S', 3),
('four-poster bed', 'N', 'S', 3),
('furnishing', 'N', 'S', 3),
('furniture', 'N', 'S', 3),
('futon', 'N', 'S', 3),
('game table', 'N', 'S', 3),
('garden bench', 'N', 'S', 3),
('gateleg table', 'N', 'S', 3),
('glider rocker', 'N', 'S', 3),
('grandfather clock', 'N', 'S', 3),
('hall tree', 'N', 'S', 3),
('hammock', 'N', 'S', 3),
('hassock', 'N', 'S', 3),
('hat stand', 'N', 'S', 3),
('headboard', 'N', 'S', 3),
('highchair', 'N', 'S', 3),
('hope chest', 'N', 'S', 3),
('hutch', 'N', 'S', 3),
('island', 'N', 'S', 3),
('kitchen island', 'N', 'S', 3),
('ladderback chair', 'N', 'S', 3),
('lamp', 'N', 'S', 3),
('lawn chair', 'N', 'S', 3),
('lift chair', 'N', 'S', 3),
('light', 'N', 'S', 3),
('lintel', 'N', 'S', 3),
('lounge chair', 'N', 'S', 3),
('lounger', 'N', 'S', 3),
('love seat', 'N', 'S', 3),
('mantle', 'N', 'S', 3),
('mattress', 'N', 'S', 3),
('mirror', 'N', 'S', 3),
('Murphy bed', 'N', 'S', 3),
('nightstand', 'N', 'S', 3),
('office chair', 'N', 'S', 3),
('ottoman', 'N', 'S', 3),
('pantry', 'N', 'S', 3),
('park bench', 'N', 'S', 3),
('patio chair', 'N', 'S', 3),
('patio table', 'N', 'S', 3),
('pew', 'N', 'S', 3),
('piano bench', 'N', 'S', 3),
('picnic table', 'N', 'S', 3),
('pillow', 'N', 'S', 3),
('porch swing', 'N', 'S', 3),
('rack', 'N', 'S', 3),
('recliner', 'N', 'S', 3),
('rocking chair', 'N', 'S', 3),
('room divider', 'N', 'S', 3),
('rug', 'N', 'S', 3),
('sconce', 'N', 'S', 3),
('screen', 'N', 'S', 3),
('seat', 'N', 'S', 3),
('secretary', 'N', 'S', 3),
('sectional sofa', 'N', 'S', 3),
('settee', 'N', 'S', 3),
('shelf', 'N', 'S', 3),
('shoji screen', 'N', 'S', 3),
('sideboard', 'N', 'S', 3),
('sleeper sofa', 'N', 'S', 3),
('sofa', 'N', 'S', 3),
('sofabed', 'N', 'S', 3),
('stool', 'N', 'S', 3),
('table', 'N', 'S', 3),
('tansu', 'N', 'S', 3),
('tea cart', 'N', 'S', 3),
('throne', 'N', 'S', 3),
('throw rug', 'N', 'S', 3),
('trundle bed', 'N', 'S', 3),
('tuffet', 'N', 'S', 3),
('alet', 'N', 'S', 3),
('vanity', 'N', 'S', 3),
('Venetian blinds', 'N', 'S', 3),
('vitrine', 'N', 'S', 3),
('wardrobe', 'N', 'S', 3),
('waste basket', 'N', 'S', 3),
('waterbed', 'N', 'S', 3),
('window shade', 'N', 'S', 3),
('Windsor chair', 'N', 'S', 3),
('wing chair', 'N', 'S', 3),
('work table', 'N', 'S', 3),
('writing desk', 'N', 'S', 3),
('Coffee', 'N', 'S', 4),
('Tea bag', 'N', 'S', 4),
('Tea', 'N', 'S', 4),
('Green tea', 'N', 'S', 4),
('Chocolate milk', 'N', 'S', 4),
('Hot chocolate', 'N', 'S', 4),
('Tomato juice', 'N', 'S', 4),
('Smoothie', 'N', 'S', 4),
('Milkshake', 'N', 'S', 4),
('Coconut milk', 'N', 'S', 4),
('Orange juice', 'N', 'S', 4),
('Lemonade', 'N', 'S', 4),
('Fruit juice', 'N', 'S', 4),
('Cocoa', 'N', 'S', 4),
('Water', 'N', 'S', 4),
('Soda', 'N', 'S', 4),
('Sparkly Water', 'N', 'S', 4),
('Vegetable Juice', 'N', 'S', 4),
('Chocolate milk', 'N', 'S', 4),
('Smoothie', 'N', 'S', 4),
('Cappuccino', 'N', 'S', 4),
('Coke', 'N', 'S', 4),
('Fanta', 'N', 'S', 4),
('Pepsi', 'N', 'S', 4),
('Sprite', 'N', 'S', 4),
('Dr. Pepper', 'N', 'S', 4),
('Earl Grey', 'N', 'S', 4),
('Green Tea', 'N', 'S', 4),
('Black Coffee', 'N', 'S', 4),
('action figure', 'N', 'S', 5),
('ant farm', 'N', 'S', 5),
('ball', 'N', 'S', 5),
('baseball', 'N', 'S', 5),
('bat', 'N', 'S', 5),
('bear', 'N', 'S', 5),
('bicycle', 'N', 'S', 5),
('bike', 'N', 'S', 5),
('block', 'N', 'S', 5),
('cap gun', 'N', 'S', 5),
('car', 'N', 'S', 5),
('card', 'N', 'S', 5),
('chalk board', 'N', 'S', 5),
('checkers', 'N', 'S', 5),
('chemistry set', 'N', 'S', 5),
('chess', 'N', 'S', 5),
('clay', 'N', 'S', 5),
('construction set', 'N', 'S', 5),
('cymbal', 'N', 'S', 5),
('dice', 'N', 'S', 5),
('dinosaur', 'N', 'S', 5),
('doll', 'N', 'S', 5),
('dollhouse', 'N', 'S', 5),
('domino', 'N', 'S', 5),
('dump truck', 'N', 'S', 5),
('easel', 'N', 'S', 5),
('firetruck', 'N', 'S', 5),
('football', 'N', 'S', 5),
('globe', 'N', 'S', 5),
('go', 'N', 'S', 5),
('go fish', 'N', 'S', 5),
('hopscotch', 'N', 'S', 5),
('hula hoop', 'N', 'S', 5),
('ice skate', 'N', 'S', 5),
('jack-in-the-box', 'N', 'S', 5),
('jacks', 'N', 'S', 5),
('jigsaw puzzle', 'N', 'S', 5),
('jump rope', 'N', 'S', 5),
('kaleidoscope', 'N', 'S', 5),
('lincoln Log', 'N', 'S', 5),
('marble', 'N', 'S', 5),
('marionette', 'N', 'S', 5),
('maze', 'N', 'S', 5),
('mobile', 'N', 'S', 5),
('model car', 'N', 'S', 5),
('model train', 'N', 'S', 5),
('modeling clay', 'N', 'S', 5),
('music box', 'N', 'S', 5),
('nim', 'N', 'S', 5),
('ping pong ball', 'N', 'S', 5),
('playhouse', 'N', 'S', 5),
('pogo stick', 'N', 'S', 5),
('puppet', 'N', 'S', 5),
('puzzle', 'N', 'S', 5),
('rag doll', 'N', 'S', 5),
('rattle', 'N', 'S', 5),
('remote-control car', 'N', 'S', 5),
('reversi', 'N', 'S', 5),
('robot', 'N', 'S', 5),
('rocking horse', 'N', 'S', 5),
('soller Skate', 'N', 'S', 5),
('rubber duck', 'N', 'S', 5),
('scooter', 'N', 'S', 5),
('skateboard', 'N', 'S', 5),
('skate', 'N', 'S', 5),
('slide', 'N', 'S', 5),
('slingshot', 'N', 'S', 5),
('soccer ball', 'N', 'S', 5),
('sock monkey', 'N', 'S', 5),
('squirt gun', 'N', 'S', 5),
('stuffed animal', 'N', 'S', 5),
('swing', 'N', 'S', 5),
('tea set', 'N', 'S', 5),
('teddy bear', 'N', 'S', 5),
('tic-tac-toe', 'N', 'S', 5),
('tin drum', 'N', 'S', 5),
('top', 'N', 'S', 5),
('toy boat', 'N', 'S', 5),
('toy soldier', 'N', 'S', 5),
('trampoline', 'N', 'S', 5),
('tricycle', 'N', 'S', 5),
('unicycle', 'N', 'S', 5),
('video game', 'N', 'S', 5),
('wagon', 'N', 'S', 5),
('whistle', 'N', 'S', 5),
('wind-up car', 'N', 'S', 5),
('xylophone', 'N', 'S', 5),
('yo-yo', 'N', 'S', 5),
('Aardvark', 'N', 'S', 0),
('Aardwolf', 'N', 'S', 6),
('African Elephant', 'N', 'S', 6),
('African Tree Pangolin', 'N', 'S', 6),
('Alligator', 'N', 'S', 6),
('Alpaca', 'N', 'S', 6),
('Anteater', 'N', 'S', 6),
('Antelope', 'N', 'S', 6),
('Ape', 'N', 'S', 6),
('Arabian Horse', 'N', 'S', 6),
('Armadillo', 'N', 'S', 6),
('Arthropod', 'N', 'S', 6),
('Asian Elephant', 'N', 'S', 6),
('Aye-Aye', 'N', 'S', 6),
('Baboon', 'N', 'S', 6),
('Badger', 'N', 'S', 6),
('Bandicoot', 'N', 'S', 6),
('Bat', 'N', 'S', 6),
('Bearded Dragon', 'N', 'S', 6),
('Beaver', 'N', 'S', 6),
('Beluga Whale', 'N', 'S', 6),
('Bengal Tiger', 'N', 'S', 6),
('Big-Horned Sheep', 'N', 'S', 6),
('Billy Goat', 'N', 'S', 6),
('Bird', 'N', 'S', 6),
('Bison', 'N', 'S', 6),
('Black Bear', 'N', 'S', 6),
('Black Footed Rhino', 'N', 'S', 6),
('Black Howler Monkey', 'N', 'S', 6),
('Black Rhino', 'N', 'S', 6),
('Blacktip Reef Shark', 'N', 'S', 6),
('Blue Shark', 'N', 'S', 6),
('Blue Whale', 'N', 'S', 6),
('Boar', 'N', 'S', 6),
('Bob-Cat', 'N', 'S', 6),
('Bonobo', 'N', 'S', 6),
('Bottlenose Dolphin', 'N', 'S', 6),
('Bottlenose Whale', 'N', 'S', 6),
('Brown Bear', 'N', 'S', 6),
('Buffalo', 'N', 'S', 6),
('Bull', 'N', 'S', 6),
('Bull frog', 'N', 'S', 6),
('Caiman Lizard', 'N', 'S', 6),
('Camel', 'N', 'S', 6),
('Capuchin Monkey', 'N', 'S', 6),
('Capybara', 'N', 'S', 6),
('Caribou', 'N', 'S', 6),
('Cat', 'N', 'S', 6),
('Cattle', 'N', 'S', 6),
('Cheetah', 'N', 'S', 6),
('Chimpanzee', 'N', 'S', 6),
('Chinchilla', 'N', 'S', 6),
('Chipmunk', 'N', 'S', 6),
('Common Dolphin', 'N', 'S', 6),
('Common Seal', 'N', 'S', 6),
('Coral and Anemone', 'N', 'S', 6),
('Cougar', 'N', 'S', 6),
('Cow', 'N', 'S', 6),
('Coyote', 'N', 'S', 6),
('Crocodile', 'N', 'S', 6),
('Crustacean', 'N', 'S', 6),
('Dart Frog', 'N', 'S', 6),
('Deer', 'N', 'S', 6),
('Degus', 'N', 'S', 6),
('Dik-Dik', 'N', 'S', 6),
('Dingo', 'N', 'S', 6),
('Dog', 'N', 'S', 6),
('Dogfish Shark', 'N', 'S', 6),
('Dolphin', 'N', 'S', 6),
('Donkey', 'N', 'S', 6),
('Door Mouse', 'N', 'S', 6),
('Dormouse', 'N', 'S', 6),
('Draft Horse', 'N', 'S', 6),
('Duckbill Platypus', 'N', 'S', 6),
('Dugong', 'N', 'S', 6),
('Dusky Shark', 'N', 'S', 6),
('Elephant', 'N', 'S', 6),
('Elephant Seal', 'N', 'S', 6),
('Elk', 'N', 'S', 6),
('Ermine', 'N', 'S', 6),
('Eurasian Lynx', 'N', 'S', 6),
('Ferret', 'N', 'S', 6),
('Fish(es)', 'N', 'S', 6),
('Florida Panther', 'N', 'S', 6),
('Flying Fox', 'N', 'S', 6),
('Fox', 'N', 'S', 6),
('Fresh Water Crocodile', 'N', 'S', 6),
('Frog', 'N', 'S', 6),
('Fur Seal', 'N', 'S', 6),
('Galapagos Land Iguana', 'N', 'S', 6),
('Galapagos Shark', 'N', 'S', 6),
('Galapagos Tortoise', 'N', 'S', 6),
('Gazelle', 'N', 'S', 6),
('Gecko', 'N', 'S', 6),
('Giant Anteater', 'N', 'S', 6),
('Giant Panda', 'N', 'S', 6),
('Gibbon', 'N', 'S', 6),
('Giraffe', 'N', 'S', 6),
('Goat', 'N', 'S', 6),
('Gopher', 'N', 'S', 6),
('Gorilla', 'N', 'S', 6),
('Gray Fox', 'N', 'S', 6),
('Gray Nurse Shark', 'N', 'S', 6),
('Gray Reef Shark', 'N', 'S', 6),
('Gray Whale', 'N', 'S', 6),
('Great White Shark', 'N', 'S', 6),
('Green Poison Dart Frog', 'N', 'S', 6),
('Green Sea Turtle', 'N', 'S', 6),
('Grizzly Bear', 'N', 'S', 6),
('Groundhog', 'N', 'S', 6),
('Guinea Pig', 'N', 'S', 6),
('Hairy-Nosed Wombat', 'N', 'S', 6),
('Hammerhead Shark', 'N', 'S', 6),
('Harbor Porpoise', 'N', 'S', 6),
('Harbor Seal', 'N', 'S', 6),
('Hare', 'N', 'S', 6),
('Harp Seal', 'N', 'S', 6),
('Hawaiian Monk Seal', 'N', 'S', 6),
('Hedgehog', 'N', 'S', 6),
('Hippopotamus', 'N', 'S', 6),
('Horn Shark', 'N', 'S', 6),
('Horse', 'N', 'S', 6),
('Howler Monkey', 'N', 'S', 6),
('Humpback Whale', 'N', 'S', 6),
('Hyena', 'N', 'S', 6),
('Hyrax', 'N', 'S', 6),
('Iguana', 'N', 'S', 6),
('Iguanodon', 'N', 'S', 6),
('Impala', 'N', 'S', 6),
('Insect', 'N', 'S', 6),
('Irrawaddy Dolphin', 'N', 'S', 6),
('Jackal', 'N', 'S', 6),
('Jackrabbit', 'N', 'S', 6),
('Jaguar', 'N', 'S', 6),
('Jellyfish', 'N', 'S', 6),
('Kangaroo', 'N', 'S', 6),
('Kermode Bear', 'N', 'S', 6),
('Killer Whale', 'N', 'S', 6),
('Koala', 'N', 'S', 6),
('Komodo Dragon', 'N', 'S', 6),
('Kookaburra', 'N', 'S', 6),
('Lama', 'N', 'S', 6),
('Lamb', 'N', 'S', 6),
('Lancelet', 'N', 'S', 6),
('Least Weasel', 'N', 'S', 6),
('Leatherback Sea Turtle', 'N', 'S', 6),
('Lemming', 'N', 'S', 6),
('Lemon Shark', 'N', 'S', 6),
('Lemur', 'N', 'S', 6),
('Leopard', 'N', 'S', 6),
('Leopard Gecko', 'N', 'S', 6),
('Leopard Seal', 'N', 'S', 6),
('Leopard Shark', 'N', 'S', 6),
('Lion', 'N', 'S', 6),
('Llama', 'N', 'S', 6),
('Loggerhead Turtles', 'N', 'S', 6),
('Lynx', 'N', 'S', 6),
('Mako Shark', 'N', 'S', 6),
('Manatee', 'N', 'S', 6),
('Manta Ray', 'N', 'S', 6),
('Mantis', 'N', 'S', 6),
('Marbled Salamander', 'N', 'S', 6),
('Marmot', 'N', 'S', 6),
('Marsupial', 'N', 'S', 6),
('Meerkat', 'N', 'S', 6),
('Megamouth Shark', 'N', 'S', 6),
('Melon-Headed Whale', 'N', 'S', 6),
('Miniature Donkey', 'N', 'S', 6),
('Mink', 'N', 'S', 6),
('Minke Whale', 'N', 'S', 6),
('Mole', 'N', 'S', 6),
('Mole Salamander', 'N', 'S', 6),
('Mollusk', 'N', 'S', 6),
('Mongoose', 'N', 'S', 6),
('Monitor Lizard', 'N', 'S', 6),
('Monk Seal', 'N', 'S', 6),
('Monkey', 'N', 'S', 6),
('Moose', 'N', 'S', 6),
('Mountain Lion', 'N', 'S', 6),
('Mouse', 'N', 'S', 6),
('Mule', 'N', 'S', 6),
('Muskox', 'N', 'S', 6),
('Muskrat', 'N', 'S', 6),
('Naked Mole Rat', 'N', 'S', 6),
('Narwhal', 'N', 'S', 6),
('Nautilus', 'N', 'S', 6),
('Newt', 'N', 'S', 6),
('Northern Right Whale', 'N', 'S', 6),
('Nurse Shark', 'N', 'S', 6),
('Nutria', 'N', 'S', 6),
('Nyala', 'N', 'S', 6),
('Ocelot', 'N', 'S', 6),
('Octopus', 'N', 'S', 6),
('Okapi', 'N', 'S', 6),
('Opossum', 'N', 'S', 6),
('Orangutan', 'N', 'S', 6),
('Orca', 'N', 'S', 6),
('Otter', 'N', 'S', 6),
('Ox', 'N', 'S', 6),
('Panda', 'N', 'S', 6),
('Panther', 'N', 'S', 6),
('Pig', 'N', 'S', 6),
('Pilot Whale', 'N', 'S', 6),
('Pine Marten', 'N', 'S', 6),
('Platypus', 'N', 'S', 6),
('Polar Bear', 'N', 'S', 6),
('Porcupine', 'N', 'S', 6),
('Porpoise', 'N', 'S', 6),
('Possum', 'N', 'S', 6),
('Potbellied Pig', 'N', 'S', 6),
('Potto', 'N', 'S', 6),
('Prairie Dog', 'N', 'S', 6),
('Proboscis Monkey', 'N', 'S', 6),
('Przewalski\'s Wild horse', 'N', 'S', 6),
('Puma', 'N', 'S', 6),
('Pygmy Hippopotamus', 'N', 'S', 6),
('Pygmy Right Whale', 'N', 'S', 6),
('Pygmy Sperm Whale', 'N', 'S', 6),
('Quokkas', 'N', 'S', 6),
('Quolls', 'N', 'S', 6),
('Rabbit', 'N', 'S', 6),
('Raccoon', 'N', 'S', 6),
('Rat', 'N', 'S', 6),
('Ray', 'N', 'S', 6),
('Red Fox', 'N', 'S', 6),
('Red Kangaroo', 'N', 'S', 6),
('Red Panda', 'N', 'S', 6),
('Red-Eyed Tree Frog', 'N', 'S', 6),
('Reef Shark', 'N', 'S', 6),
('Reindeer', 'N', 'S', 6),
('Rhino', 'N', 'S', 6),
('Rhinoceros', 'N', 'S', 6),
('Right Whale', 'N', 'S', 6),
('Ringed Seal', 'N', 'S', 6),
('Risso\'s Dolphin', 'N', 'S', 6),
('River Dolphin', 'N', 'S', 6),
('Salamander', 'N', 'S', 6),
('Sandbar Shark', 'N', 'S', 6),
('Scalloped Hammerhead Shark', 'N', 'S', 6),
('Sea Lion', 'N', 'S', 6),
('Sea Turtle', 'N', 'S', 6),
('Seal', 'N', 'S', 6),
('Sei Whale', 'N', 'S', 6),
('Shark', 'N', 'S', 6),
('Sheep', 'N', 'S', 6),
('Shortfin Mako Shark', 'N', 'S', 6),
('Siberian Tiger', 'N', 'S', 6),
('Silky Shark', 'N', 'S', 6),
('Skink', 'N', 'S', 6),
('Skunk', 'N', 'S', 6),
('Slender Loris', 'N', 'S', 6),
('Sloth', 'N', 'S', 6),
('Sloth Bear', 'N', 'S', 6),
('Snake', 'N', 'S', 6),
('Snow Fox', 'N', 'S', 6),
('Snow Hare', 'N', 'S', 6),
('Snow Leopard', 'N', 'S', 6),
('Snow Monkey', 'N', 'S', 6),
('Somali Wild Ass', 'N', 'S', 6),
('Spectacled Bear', 'N', 'S', 6),
('Sperm Whale', 'N', 'S', 6),
('Spider Monkey', 'N', 'S', 6),
('Spiny Dogfish Shark', 'N', 'S', 6),
('Spotted Dolphin', 'N', 'S', 6),
('Squirrel', 'N', 'S', 6),
('Star-Nosed Mole', 'N', 'S', 6),
('Stellar Sea Lion', 'N', 'S', 6),
('Striped Dolphin', 'N', 'S', 6),
('Sun Bear', 'N', 'S', 6),
('Takin', 'N', 'S', 6),
('Tamarin', 'N', 'S', 6),
('Tapir', 'N', 'S', 6),
('Tasmanian Devil', 'N', 'S', 6),
('Tasmanian Tiger', 'N', 'S', 6),
('Terrapin', 'N', 'S', 6),
('Thresher Shark', 'N', 'S', 6),
('Tiger', 'N', 'S', 6),
('Tiger Salamander', 'N', 'S', 6),
('Tiger Shark', 'N', 'S', 6),
('Topi', 'N', 'S', 6),
('Tortoise', 'N', 'S', 6),
('Tree Frog', 'N', 'S', 6),
('Turtle', 'N', 'S', 6),
('Uakari', 'N', 'S', 6),
('Vampire Bat', 'N', 'S', 6),
('Vancouver Island Marmot', 'N', 'S', 6),
('Vervet Monkey', 'N', 'S', 6),
('Vicuna', 'N', 'S', 6),
('Vole', 'N', 'S', 6),
('Wallaby', 'N', 'S', 6),
('Walrus', 'N', 'S', 6),
('Warthog', 'N', 'S', 6),
('Water Buffalo', 'N', 'S', 6),
('Weasel', 'N', 'S', 6),
('Whale Shark', 'N', 'S', 6),
('Whale', 'N', 'S', 6),
('White Rhino', 'N', 'S', 6),
('White Tailed Deer', 'N', 'S', 6),
('White-Beaked Dolphin', 'N', 'S', 6),
('Whitetip Reef Shark', 'N', 'S', 6),
('Wildcat', 'N', 'S', 6),
('Wildebeest', 'N', 'S', 6),
('Wobbegong Shark', 'N', 'S', 6),
('Wolf', 'N', 'S', 6),
('Wolverine', 'N', 'S', 6),
('Wombat', 'N', 'S', 6),
('Woodchuck', 'N', 'S', 6),
('Yak', 'N', 'S', 6),
('Yellow-Bellied Marmot', 'N', 'S', 6),
('Zebra', 'N', 'S', 6),
('Zebu', 'N', 'S', 6),
('Zorilla', 'N', 'S', 6),
('aerial tramway', 'N', 'S', 0),
('aircraft', 'N', 'S', 0),
('aircraft carrier', 'N', 'S', 0),
('airplane', 'N', 'S', 0),
('ambulance', 'N', 'S', 0),
('amphibious vehicle', 'N', 'S', 0),
('armored car', 'N', 'S', 0),
('auto', 'N', 'S', 0),
('automobile', 'N', 'S', 0),
('baby carriage', 'N', 'S', 0),
('balloon', 'N', 'S', 0),
('barge', 'N', 'S', 0),
('barrow', 'N', 'S', 0),
('bathyscaphe', 'N', 'S', 0),
('battleship', 'N', 'S', 0),
('bicycle', 'N', 'S', 0),
('bike', 'N', 'S', 0),
('biplane', 'N', 'S', 0),
('blimp', 'N', 'S', 0),
('boat', 'N', 'S', 0),
('bobsled', 'N', 'S', 0),
('bomber', 'N', 'S', 0),
('boxcar', 'N', 'S', 0),
('broomstick', 'N', 'S', 0),
('buggy', 'N', 'S', 0),
('bulldozer', 'N', 'S', 0),
('bullet train', 'N', 'S', 0),
('bus', 'N', 'S', 0),
('cab', 'N', 'S', 0),
('cabin cruiser', 'N', 'S', 0),
('cable car', 'N', 'S', 0),
('caboose', 'N', 'S', 0),
('camper', 'N', 'S', 0),
('canoe', 'N', 'S', 0),
('car', 'N', 'S', 0),
('caravan', 'N', 'S', 0),
('caravel', 'N', 'S', 0),
('cargo ship', 'N', 'S', 0),
('carriage', 'N', 'S', 0),
('carrier', 'N', 'S', 0),
('cart', 'N', 'S', 0),
('catamaran', 'N', 'S', 0),
('chairlift', 'N', 'S', 0),
('chariot', 'N', 'S', 0),
('chopper', 'N', 'S', 0),
('clipper ship', 'N', 'S', 0),
('clunker', 'N', 'S', 0),
('coach', 'N', 'S', 0),
('combine', 'N', 'S', 0),
('compact car', 'N', 'S', 0),
('conestoga wagon', 'N', 'S', 0),
('container ship', 'N', 'S', 0),
('convertible', 'N', 'S', 0),
('conveyance', 'N', 'S', 0),
('conveyor belt', 'N', 'S', 0),
('convoy', 'N', 'S', 0),
('coupe', 'N', 'S', 0),
('covered wagon', 'N', 'S', 0),
('crane', 'N', 'S', 0),
('crop duster', 'N', 'S', 0),
('cruise ship', 'N', 'S', 0),
('cruiser', 'N', 'S', 0),
('cutter', 'N', 'S', 0),
('cycle', 'N', 'S', 0),
('delivery truck', 'N', 'S', 0),
('delivery van', 'N', 'S', 0),
('destroyer', 'N', 'S', 0),
('diesel truck', 'N', 'S', 0),
('dinghy', 'N', 'S', 0),
('dirigible', 'N', 'S', 0),
('dirt bike', 'N', 'S', 0),
('diving bell', 'N', 'S', 0),
('dog cart', 'N', 'S', 0),
('dogsled', 'N', 'S', 0),
('donkey cart', 'N', 'S', 0),
('dray', 'N', 'S', 0),
('driver', 'N', 'S', 0),
('dugout canoe', 'N', 'S', 0),
('dump truck', 'N', 'S', 0),
('earth mover', 'N', 'S', 0),
('eighteen-wheeler', 'N', 'S', 0),
('electric car', 'N', 'S', 0),
('elevated railroad', 'N', 'S', 0),
('elevator', 'N', 'S', 0),
('engine', 'N', 'S', 0),
('escalator', 'N', 'S', 0),
('express train', 'N', 'S', 0),
('ferry', 'N', 'S', 0),
('fire engine', 'N', 'S', 0),
('fireboat', 'N', 'S', 0),
('fishing boat', 'N', 'S', 0),
('flatbed truck', 'N', 'S', 0),
('forklift', 'N', 'S', 0),
('four-by-four', 'N', 'S', 0),
('four-door', 'N', 'S', 0),
('four-wheel drive', 'N', 'S', 0),
('freight train', 'N', 'S', 0),
('freighter', 'N', 'S', 0),
('frigate', 'N', 'S', 0),
('funicular railway', 'N', 'S', 0),
('galleon', 'N', 'S', 0),
('garbage truck', 'N', 'S', 0),
('glider', 'N', 'S', 0),
('go-cart', 'N', 'S', 0),
('golf cart', 'N', 'S', 0),
('gondola', 'N', 'S', 0),
('gondola lift', 'N', 'S', 0),
('gridlock', 'N', 'S', 0),
('handcar', 'N', 'S', 0),
('hang glider', 'N', 'S', 0),
('hansom cab', 'N', 'S', 0),
('hardtop', 'N', 'S', 0),
('harvester', 'N', 'S', 0),
('hatchback', 'N', 'S', 0),
('haul', 'N', 'S', 0),
('hay wagon', 'N', 'S', 0),
('hearse', 'N', 'S', 0),
('helicopter', 'N', 'S', 0),
('hook and ladder truck', 'N', 'S', 0),
('hot rod', 'N', 'S', 0),
('hot-air balloon', 'N', 'S', 0),
('houseboat', 'N', 'S', 0),
('hovercraft', 'N', 'S', 0),
('hull', 'N', 'S', 0),
('Humvee', 'N', 'S', 0),
('hybrid', 'N', 'S', 0),
('hydrofoil', 'N', 'S', 0),
('hydroplane', 'N', 'S', 0),
('ice boat', 'N', 'S', 0),
('ice breaker', 'N', 'S', 0),
('jalopy', 'N', 'S', 0),
('jeep', 'N', 'S', 0),
('jet', 'N', 'S', 0),
('jet boat', 'N', 'S', 0),
('jet pack', 'N', 'S', 0),
('jet ski', 'N', 'S', 0),
('jetliner', 'N', 'S', 0),
('journey', 'N', 'S', 0),
('jumbo jet', 'N', 'S', 0),
('junk', 'N', 'S', 0),
('kayak', 'N', 'S', 0),
('ketch', 'N', 'S', 0),
('landing craft', 'N', 'S', 0),
('life raft', 'N', 'S', 0),
('lifeboat', 'N', 'S', 0),
('light rail', 'N', 'S', 0),
('limo', 'N', 'S', 0),
('limousine', 'N', 'S', 0),
('litter', 'N', 'S', 0),
('locomotive', 'N', 'S', 0),
('lorry', 'N', 'S', 0),
('low-rider', 'N', 'S', 0),
('magic carpet', 'N', 'S', 0),
('maglev', 'N', 'S', 0),
('mast', 'N', 'S', 0),
('minesweeper', 'N', 'S', 0),
('minibus', 'N', 'S', 0),
('minivan', 'N', 'S', 0),
('model T', 'N', 'S', 0),
('monorail', 'N', 'S', 0),
('moped', 'N', 'S', 0),
('motor', 'N', 'S', 0),
('motor home', 'N', 'S', 0),
('motorboat', 'N', 'S', 0),
('motorcar', 'N', 'S', 0),
('motorcycle', 'N', 'S', 0),
('mountain bike', 'N', 'S', 0),
('narrowboat', 'N', 'S', 0),
('oar', 'N', 'S', 0),
('ocean liner', 'N', 'S', 0),
('off-road vehicle', 'N', 'S', 0),
('oil tanker', 'N', 'S', 0),
('outboard motor', 'N', 'S', 0),
('outrigger canoe', 'N', 'S', 0),
('oxcart', 'N', 'S', 0),
('paddle', 'N', 'S', 0),
('paddlewheeler', 'N', 'S', 0),
('parachute', 'N', 'S', 0),
('passenger', 'N', 'S', 0),
('patrol car', 'N', 'S', 0),
('pedal boat', 'N', 'S', 0),
('pickup truck', 'N', 'S', 0),
('pilot', 'N', 'S', 0),
('plane', 'N', 'S', 0),
('police car', 'N', 'S', 0),
('power boat', 'N', 'S', 0),
('prairie schooner', 'N', 'S', 0),
('propeller', 'N', 'S', 0),
('PT boat', 'N', 'S', 0),
('pumper truck', 'N', 'S', 0),
('punt', 'N', 'S', 0),
('push cart', 'N', 'S', 0),
('racecar', 'N', 'S', 0),
('racing car', 'N', 'S', 0),
('raft', 'N', 'S', 0),
('ragtop', 'N', 'S', 0),
('railroad', 'N', 'S', 0),
('railway', 'N', 'S', 0),
('rapid transit', 'N', 'S', 0),
('recreational vehicle', 'N', 'S', 0),
('rickshaw', 'N', 'S', 0),
('ride', 'N', 'S', 0),
('riverboat', 'N', 'S', 0),
('roadster', 'N', 'S', 0),
('rocket', 'N', 'S', 0),
('rover', 'N', 'S', 0),
('rowboat', 'N', 'S', 0),
('rudder', 'N', 'S', 0),
('runabout', 'N', 'S', 0),
('RV', 'N', 'S', 0),
('sail', 'N', 'S', 0),
('sailboat', 'N', 'S', 0),
('satellite', 'N', 'S', 0),
('school bus', 'N', 'S', 0),
('schooner', 'N', 'S', 0),
('scooter', 'N', 'S', 0),
('scull', 'N', 'S', 0),
('seaplane', 'N', 'S', 0),
('sedan', 'N', 'S', 0),
('sedan chair', 'N', 'S', 0),
('segway', 'N', 'S', 0),
('semi', 'N', 'S', 0),
('ship', 'N', 'S', 0),
('shuttle', 'N', 'S', 0),
('side wheeler', 'N', 'S', 0),
('ski lift', 'N', 'S', 0),
('ski tow', 'N', 'S', 0),
('skiff', 'N', 'S', 0),
('sled', 'N', 'S', 0),
('sledge', 'N', 'S', 0),
('sleigh', 'N', 'S', 0),
('snow cat', 'N', 'S', 0),
('snowmobile', 'N', 'S', 0),
('snowplow', 'N', 'S', 0),
('space shuttle', 'N', 'S', 0),
('spaceship', 'N', 'S', 0),
('speedboat', 'N', 'S', 0),
('sport-utility vehicle/SUV', 'N', 'S', 0),
('sports car', 'N', 'S', 0),
('squad car', 'N', 'S', 0),
('SST', 'N', 'S', 0),
('stagecoach', 'N', 'S', 0),
('station wagon', 'N', 'S', 0),
('steamboat', 'N', 'S', 0),
('steamship', 'N', 'S', 0),
('stock car', 'N', 'S', 0),
('stretch limo', 'N', 'S', 0),
('stroller', 'N', 'S', 0),
('subcompact', 'N', 'S', 0),
('submarine', 'N', 'S', 0),
('submersible', 'N', 'S', 0),
('subway', 'N', 'S', 0),
('surrey', 'N', 'S', 0),
('SUV', 'N', 'S', 0),
('T-bar lift', 'N', 'S', 0),
('tank', 'N', 'S', 0),
('tanker', 'N', 'S', 0),
('taxi', 'N', 'S', 0),
('taxicab', 'N', 'S', 0),
('thresher', 'N', 'S', 0),
('tire', 'N', 'S', 0),
('toboggan', 'N', 'S', 0),
('tow truck', 'N', 'S', 0),
('town car', 'N', 'S', 0),
('tracks', 'N', 'S', 0),
('tractor', 'N', 'S', 0),
('tractor-trailer', 'N', 'S', 0),
('trail bike', 'N', 'S', 0),
('trailer', 'N', 'S', 0),
('train', 'N', 'S', 0),
('tram', 'N', 'S', 0),
('tramway', 'N', 'S', 0),
('transit', 'N', 'S', 0),
('trawler', 'N', 'S', 0),
('tricycle', 'N', 'S', 0),
('trolley', 'N', 'S', 0),
('truck', 'N', 'S', 0),
('tugboat', 'N', 'S', 0),
('two-door', 'N', 'S', 0),
('U-boat', 'N', 'S', 0),
('ultralight craft', 'N', 'S', 0),
('umiak', 'N', 'S', 0),
('unicycle', 'N', 'S', 0),
('van', 'N', 'S', 0),
('vehicle', 'N', 'S', 0),
('vespa', 'N', 'S', 0),
('vessel', 'N', 'S', 0),
('wagon', 'N', 'S', 0),
('warship', 'N', 'S', 0),
('wheel', 'N', 'S', 0),
('wheelbarrow', 'N', 'S', 0),
('wheelchair', 'N', 'S', 0),
('windjammer', 'N', 'S', 0),
('windshield', 'N', 'S', 0),
('wreck', 'N', 'S', 0),
('yacht', 'N', 'S', 0),
('yawl', 'N', 'S', 0),
('zamboni', 'N', 'S', 0),
('zeppelin', 'N', 'S', 0),
('A-bomb', 'N', 'S', 8),
('ammo', 'N', 'S', 8),
('ammunition', 'N', 'S', 8),
('armaments', 'N', 'S', 8),
('arms', 'N', 'S', 8),
('arrow', 'N', 'S', 8),
('assault rifle', 'N', 'S', 8),
('atom bomb', 'N', 'S', 8),
('atomic bomb', 'N', 'S', 8),
('autocannon', 'N', 'S', 8),
('automatic rifle', 'N', 'S', 8),
('axe', 'N', 'S', 8),
('ballista', 'N', 'S', 8),
('ballistic missile', 'N', 'S', 8),
('bat', 'N', 'S', 8),
('baton', 'N', 'S', 8),
('battle axe', 'N', 'S', 8),
('bayonet', 'N', 'S', 8),
('bazooka', 'N', 'S', 8),
('billy club', 'N', 'S', 8),
('biological weapon', 'N', 'S', 8),
('blackjack', 'N', 'S', 8),
('blade', 'N', 'S', 8),
('blaster', 'N', 'S', 8),
('blowgun', 'N', 'S', 8),
('blowpipe', 'N', 'S', 8),
('bludgeon', 'N', 'S', 8),
('bomb', 'N', 'S', 8),
('boobytrap', 'N', 'S', 8),
('boomerang', 'N', 'S', 8),
('bow and arrow', 'N', 'S', 8),
('Bowie knife', 'N', 'S', 8),
('brass knuckles', 'N', 'S', 8),
('bullet', 'N', 'S', 8),
('cannon', 'N', 'S', 8),
('carbine', 'N', 'S', 8),
('cat o\'nine tails', 'N', 'S', 8),
('catapult', 'N', 'S', 8),
('cleaver', 'N', 'S', 8),
('club', 'N', 'S', 8),
('crossbow', 'N', 'S', 8),
('cudgel', 'N', 'S', 8),
('cutlass', 'N', 'S', 8),
('dagger', 'N', 'S', 8),
('dart', 'N', 'S', 8),
('depth charge', 'N', 'S', 8),
('epee', 'N', 'S', 8),
('explosives', 'N', 'S', 8),
('firearm', 'N', 'S', 8),
('flail', 'N', 'S', 8),
('flamethrower', 'N', 'S', 8),
('flintlock', 'N', 'S', 8),
('foil', 'N', 'S', 8),
('Gatling gun', 'N', 'S', 8),
('grenade', 'N', 'S', 8),
('grenade launcher', 'N', 'S', 8),
('guided missile', 'N', 'S', 8),
('gun', 'N', 'S', 8),
('gunpowder', 'N', 'S', 8),
('halberd', 'N', 'S', 8),
('hand grenade', 'N', 'S', 8),
('handgun', 'N', 'S', 8),
('harpoon', 'N', 'S', 8),
('hatchet', 'N', 'S', 8),
('howitzer', 'N', 'S', 8),
('hunting knife', 'N', 'S', 8),
('javelin', 'N', 'S', 8),
('katana', 'N', 'S', 8),
('knife', 'N', 'S', 8),
('knout', 'N', 'S', 8),
('kris', 'N', 'S', 8),
('lance', 'N', 'S', 8),
('landmine', 'N', 'S', 8),
('longbow', 'N', 'S', 8),
('longsword', 'N', 'S', 8),
('mace', 'N', 'S', 8),
('machete', 'N', 'S', 8),
('machine gun', 'N', 'S', 8),
('magnum', 'N', 'S', 8),
('maul', 'N', 'S', 8),
('mine', 'N', 'S', 8),
('missile', 'N', 'S', 8),
('morning star', 'N', 'S', 8),
('mortar', 'N', 'S', 8),
('munitions', 'N', 'S', 8),
('musket', 'N', 'S', 8),
('mustard gas', 'N', 'S', 8),
('muzzleloader', 'N', 'S', 8),
('nerve gas', 'N', 'S', 8),
('night stick', 'N', 'S', 8),
('nuclear bomb', 'N', 'S', 8),
('nunchucks', 'N', 'S', 8),
('onager', 'N', 'S', 8),
('ordnance', 'N', 'S', 8),
('peashooter', 'N', 'S', 8),
('pepper spray', 'N', 'S', 8),
('pickaxe', 'N', 'S', 8),
('pike', 'N', 'S', 8),
('pistol', 'N', 'S', 8),
('pommel', 'N', 'S', 8),
('quarterstaff', 'N', 'S', 8),
('rapier', 'N', 'S', 8),
('revolver', 'N', 'S', 8),
('rifle', 'N', 'S', 8),
('rocket', 'N', 'S', 8),
('rocket launcher', 'N', 'S', 8),
('saber', 'N', 'S', 8),
('scimitar', 'N', 'S', 8),
('scythe', 'N', 'S', 8),
('semiautomatic', 'N', 'S', 8),
('shell', 'N', 'S', 8),
('shillelagh', 'N', 'S', 8),
('shooter', 'N', 'S', 8),
('shotgun', 'N', 'S', 8),
('sickle', 'N', 'S', 8),
('slingshot', 'N', 'S', 8),
('spear', 'N', 'S', 8),
('spiked mace', 'N', 'S', 8),
('stiletto', 'N', 'S', 8),
('stun gun', 'N', 'S', 8),
('submachine gun', 'N', 'S', 8),
('switchblade', 'N', 'S', 8),
('sword', 'N', 'S', 8),
('tank', 'N', 'S', 8),
('tank gun', 'N', 'S', 8),
('taser', 'N', 'S', 8),
('tear gas', 'N', 'S', 8),
('tomahawk', 'N', 'S', 8),
('torpedo', 'N', 'S', 8),
('trebuchet', 'N', 'S', 8),
('trident', 'N', 'S', 8),
('tripwire', 'N', 'S', 8),
('truncheon', 'N', 'S', 8),
('Uzi', 'N', 'S', 8),
('weapon', 'N', 'S', 8),
('weapon of mass destruction', 'N', 'S', 8),
('weaponry', 'N', 'S', 8),
('whip', 'N', 'S', 8),
('adze', 'N', 'S', 9),
('Allen wrench', 'N', 'S', 9),
('anvil', 'N', 'S', 9),
('axe', 'N', 'S', 9),
('bellows', 'N', 'S', 9),
('bevel', 'N', 'S', 9),
('block and tackle', 'N', 'S', 9),
('block plane', 'N', 'S', 9),
('bolt', 'N', 'S', 9),
('bolt cutter', 'N', 'S', 9),
('brad', 'N', 'S', 9),
('brush', 'N', 'S', 9),
('caliper', 'N', 'S', 9),
('carpenter', 'N', 'S', 9),
('chalk line', 'N', 'S', 9),
('chisel', 'N', 'S', 9),
('circular saw', 'N', 'S', 9),
('clamp', 'N', 'S', 9),
('clipper', 'N', 'S', 9),
('coping saw', 'N', 'S', 9),
('countersink', 'N', 'S', 9),
('crowbar', 'N', 'S', 9),
('cutters', 'N', 'S', 9),
('drill', 'N', 'S', 9),
('drill bit', 'N', 'S', 9),
('drill press', 'N', 'S', 9),
('edger', 'N', 'S', 9),
('electric drill', 'N', 'S', 9),
('fastener', 'N', 'S', 9),
('glass cutter', 'N', 'S', 9),
('glue', 'N', 'S', 9),
('glue gun', 'N', 'S', 9),
('grinder', 'N', 'S', 9),
('hacksaw', 'N', 'S', 9),
('hammer', 'N', 'S', 9),
('handsaw', 'N', 'S', 9),
('hex wrench', 'N', 'S', 9),
('hoe', 'N', 'S', 9),
('hone', 'N', 'S', 9),
('jig', 'N', 'S', 9),
('jigsaw', 'N', 'S', 9),
('knife', 'N', 'S', 9),
('ladder', 'N', 'S', 9),
('lathe', 'N', 'S', 9),
('level', 'N', 'S', 9),
('lever', 'N', 'S', 9),
('machete', 'N', 'S', 9),
('mallet', 'N', 'S', 9),
('measuring tape', 'N', 'S', 9),
('miter box', 'N', 'S', 9),
('monkey wrench', 'N', 'S', 9),
('nail', 'N', 'S', 9),
('nail set', 'N', 'S', 9),
('needle-nose pliers', 'N', 'S', 9),
('nut', 'N', 'S', 9),
('Phillips screwdriver', 'N', 'S', 9),
('pickaxe', 'N', 'S', 9),
('pin', 'N', 'S', 9),
('pincer', 'N', 'S', 9),
('pinch', 'N', 'S', 9),
('pitchfork', 'N', 'S', 9),
('plane', 'N', 'S', 9),
('pliers', 'N', 'S', 9),
('plow', 'N', 'S', 9),
('plumb bob', 'N', 'S', 9),
('poker', 'N', 'S', 9),
('pruning shears', 'N', 'S', 9),
('pry bar', 'N', 'S', 9),
('pulley', 'N', 'S', 9),
('putty knife', 'N', 'S', 9),
('rasp', 'N', 'S', 9),
('ratchet', 'N', 'S', 9),
('razor', 'N', 'S', 9),
('reamer', 'N', 'S', 9),
('rivet', 'N', 'S', 9),
('roller', 'N', 'S', 9),
('rope', 'N', 'S', 9),
('router', 'N', 'S', 9),
('ruler', 'N', 'S', 9),
('safety glasses', 'N', 'S', 9),
('sand paper', 'N', 'S', 9),
('sander', 'N', 'S', 9),
('saw', 'N', 'S', 9),
('sawhorse', 'N', 'S', 9),
('scalpel', 'N', 'S', 9),
('scissors', 'N', 'S', 9),
('scraper', 'N', 'S', 9),
('screw', 'N', 'S', 9),
('screwdriver', 'N', 'S', 9),
('scythe', 'N', 'S', 9),
('sharpener', 'N', 'S', 9),
('shovel', 'N', 'S', 9),
('sickle', 'N', 'S', 9),
('snips', 'N', 'S', 9),
('spade', 'N', 'S', 9),
('spear', 'N', 'S', 9),
('sponge', 'N', 'S', 9),
('square', 'N', 'S', 9),
('squeegee', 'N', 'S', 9),
('staple', 'N', 'S', 9),
('stapler', 'N', 'S', 9),
('tack', 'N', 'S', 9),
('tiller', 'N', 'S', 9),
('tongs', 'N', 'S', 9),
('toolbox', 'N', 'S', 9),
('toolmaker', 'N', 'S', 9),
('torch', 'N', 'S', 9),
('trowel', 'N', 'S', 9),
('utility knife', 'N', 'S', 9),
('vise', 'N', 'S', 9),
('wedge', 'N', 'S', 9),
('wheel', 'N', 'S', 9),
('woodworker', 'N', 'S', 9),
('workbench', 'N', 'S', 9),
('wrench', 'N', 'S', 9);

--
-- Indexes for dumped tables
--

--
-- Indexes for table `characters`
--
ALTER TABLE `characters`
  ADD PRIMARY KEY (`characterID`),
  ADD KEY `Client_to_Char` (`clientID`);

--
-- Indexes for table `client`
--
ALTER TABLE `client`
  ADD PRIMARY KEY (`clientID`);

--
-- Indexes for table `eyecolor`
--
ALTER TABLE `eyecolor`
  ADD PRIMARY KEY (`eye_colorID`);

--
-- Indexes for table `requests`
--
ALTER TABLE `requests`
  ADD PRIMARY KEY (`requestID`),
  ADD KEY `Client_to_request` (`clientID`);

--
-- Indexes for table `sentences`
--
ALTER TABLE `sentences`
  ADD PRIMARY KEY (`sentenceID`);

--
-- Indexes for table `species`
--
ALTER TABLE `species`
  ADD PRIMARY KEY (`speciesID`);

--
-- Indexes for table `type`
--
ALTER TABLE `type`
  ADD PRIMARY KEY (`typeId`);

--
-- Indexes for table `wordlist`
--
ALTER TABLE `wordlist`
  ADD KEY `type` (`type`);

--
-- AUTO_INCREMENT for dumped tables
--

--
-- AUTO_INCREMENT for table `characters`
--
ALTER TABLE `characters`
  MODIFY `characterID` int(11) NOT NULL AUTO_INCREMENT, AUTO_INCREMENT=3;

--
-- AUTO_INCREMENT for table `client`
--
ALTER TABLE `client`
  MODIFY `clientID` int(11) NOT NULL AUTO_INCREMENT, AUTO_INCREMENT=2;

--
-- AUTO_INCREMENT for table `eyecolor`
--
ALTER TABLE `eyecolor`
  MODIFY `eye_colorID` int(11) NOT NULL AUTO_INCREMENT;

--
-- AUTO_INCREMENT for table `requests`
--
ALTER TABLE `requests`
  MODIFY `requestID` int(11) NOT NULL AUTO_INCREMENT, AUTO_INCREMENT=3;

--
-- AUTO_INCREMENT for table `sentences`
--
ALTER TABLE `sentences`
  MODIFY `sentenceID` int(11) NOT NULL AUTO_INCREMENT, AUTO_INCREMENT=16;

--
-- AUTO_INCREMENT for table `species`
--
ALTER TABLE `species`
  MODIFY `speciesID` int(11) NOT NULL AUTO_INCREMENT;

--
-- AUTO_INCREMENT for table `type`
--
ALTER TABLE `type`
  MODIFY `typeId` int(11) NOT NULL AUTO_INCREMENT, AUTO_INCREMENT=11;

--
-- Constraints for dumped tables
--

--
-- Constraints for table `characters`
--
ALTER TABLE `characters`
  ADD CONSTRAINT `Client_to_Char` FOREIGN KEY (`clientID`) REFERENCES `client` (`clientID`) ON DELETE CASCADE ON UPDATE CASCADE;

--
-- Constraints for table `requests`
--
ALTER TABLE `requests`
  ADD CONSTRAINT `Client_to_request` FOREIGN KEY (`clientID`) REFERENCES `client` (`clientID`) ON DELETE CASCADE ON UPDATE CASCADE;
COMMIT;

/*!40101 SET CHARACTER_SET_CLIENT=@OLD_CHARACTER_SET_CLIENT */;
/*!40101 SET CHARACTER_SET_RESULTS=@OLD_CHARACTER_SET_RESULTS */;
/*!40101 SET COLLATION_CONNECTION=@OLD_COLLATION_CONNECTION */;
